msno,is_churn
VfrFI3Tyz4JvvdZ5CwzHx8xMSonZCiF0F7aoKFpT0P4=,0
dotvDnDjQmELFq3/wWLfj5g31FJxCSIn9b7tX8SFd5I=,0
1W9F9UfRaazglkK3Wk/c0MTcNd4dCT9MKqh+iD9tzyU=,0
jhxqsMpWiwsFvjn5GoDCD48Xb8cmGbEVXzp6CKPmBR8=,0
Cv5DT/ICgkfVDSNJMzpqb1syvzLLV/XZ+s4uyIYzPqA=,0
k8KnYIS550y0oyXO6AJA1v2o7D8nVfN1LCaGeR/BE7o=,0
8yu7IF++o8+r8kN8mXj1UEX6xbIJy/LbY53T0loDesM=,0
L2v6YYQRQxe+wwMsBcoecTCJs+ZUTtJVUqJ4gDkNMu8=,0
G+NygDwDRS8JThygLMKVo4NxLfH2WeA3UAEPHNXzB78=,0
9/ni8aXG0Isq6Oc7LOQSqYti304lHeCRtmQ/VRxLqrg=,0
iSFHn2MydR7mUUOaAmvrEQ/R9hxquKMIdodqzx75AXQ=,0
CCJLmuVV9nmpfVuhaZ3023Bje/UO2kaLc0J25kyS9Fk=,0
Hn6pQgd4zGO3/6aFIJ6RhzL5y5Qh1sRxGc8M4EnDe3Q=,0
HiNYOftFXtrepROQvaFpYLOwE9CkFliexZXhvN7bsBQ=,0
gEUh6ojsmYdLpiSbrQXKjCXOwIkxpDiwn+fhgOzB7c4=,0
y4EwubGuMKeWyblAArEVP6fswlUH6KLnUZUwXeyYePY=,0
kKcZIaVtXedSUcYtRw0BY4ec01WNvb6o3ANR8lj42b8=,0
/tCHWL4+RC0Y30fD75s1u9ckISPDNibRWBCH0NPKNMg=,0
z12zpgfZZ5KI5m785jV8/Bp0N6d9Ex11fOjLcr7mFZs=,0
OsC5nhjn9OB8IphWs4LREC5dDNHXvbkBhs30PvUnYbw=,0
EKTxt3cv6ULulpor5chqDiFQE9FjTGCXm1fWHccbH+o=,0
Nrf3KG8GQA7qbl45qaU7GOQ8GBHYomacrQJRKGDxmiU=,0
1SOs3JagxKg/ACoo7yRm06h5WwsUkYMk2PFWsDMMY9Y=,0
aJiLa6HYdHS4rBnYBlSILMfogbDunDKAmH82q1i1DJw=,0
4NLaF3Z9xU+KQUkjFw7oG4+PGpJUIw2U1MtlFHKkmb4=,0
w6swVfQU0KCr5w5B9x8PV2yju78whZoRimwTFAy3etI=,0
tBGnndy8hHl3/XXE7Eltg5P9ZooGXylYQU2eq97QKy0=,0
JrvOOEuQqj3pzqv7AExFcgclvJPoV+eU6OyT9cg4j20=,0
emkMCESpVeRJSoNkg/7mwfwFJ9o3gaB9zvZYMm4q7wM=,0
4lml9SZgMzq+DVVQNjvEPT+PCOUi7uS2cXslycSNA3g=,0
bsRS1gTGZUTvRW2axXjtG6c2salcqRdfbuQCNyaom30=,0
J9RO3YwpUD7M4vhGVEE7HQk5FZ8AZa/wbtc6iOV61k4=,0
k01kqKOAXvzxOh6A99BuBf2+q9dI5LO9rUl8Ex92a+E=,0
l/3h0zidjStXt5SB/WQIAtztATg4MRikh61UZdnVGCo=,0
bjqkP21/NciYAoKT8mP/x1w9WXgZ2C9H6GbwFvQFxG8=,0
L9Ws33IqXV35/KXWunQQUfrOh20/coYCV3Wr83wdsTQ=,0
13wk81D9+cTyi9h9JVdSQa1LfLsfNiq0zKw3OsGxq34=,0
YxqF2ld4oRL9e5xrbi2GE2v7hh95Ewh4YXBjZSN5UoE=,0
OOxcKImpAi9VjKwCcVbYQc/CImytxfSoXzeBBKyMEbE=,0
BNZEFv12tdim6PxfShcqZHPHSIOx2zoXTvLmkngTLGo=,0
/b55AKfhP2nJ6RrC50ERnNYo4l4jr0rijVkdTc45NnQ=,0
PRFoLc47QJCV6rH7PXVbWTB1tueFJOt7vvN1isQ45CY=,0
C630lTNMclvyB5gjLQNPhXbg5koLlUWtrjTsDFzMXT0=,0
jbty3Ne5WzMduQwQZ7rzQbAVLNd/4FyF6XSs5r/1C3I=,0
l+nSeBrv2Jm8wP0J8Ezsx3dcwP6URAgAMtsQBQ3aSy4=,0
22H4a69nZms6+/ufsuxHVhwmHNweuec1c2rixZ8pc3s=,0
nw70w0WfzEUs73MA5gO3SyM2nUoTArPUTmb4JHpKKT4=,0
HYkku9FN1hg4p0vIe33WhoKZXbGadhypAXuLziSficw=,0
t1DOsKywbq8nOunQUtAWaR66Aaojp3BlCBGCtLV5L68=,0
LhWG8V1I/aqwX6k6BX/DpwtCU4pi44EBVCJgSB8pigc=,0
gs3+YQcff6FZNRTIbt5vt+fGYuxz4ytUc7E4f6MsqxE=,1
yGE5mABStV9RTfq1ofuE62gP2FAgCLanVO3y+We1UcA=,0
XPMreWmsETa+u0hXUVSt/D625IaaO+7pH1Ndsb6RPQc=,0
/V19oLQtHndHjyEcPKZ14y0TRlOqljjQlTSo7vEftxE=,1
K94y/W/d8sGzt/NGTOvihKZXRVZZ6uWTzJJVTGEq4pI=,0
rto+6jPA6KnfcxKYo3CRfvxWLJU9ZF+HhD2Ah5TsUtI=,0
Z2tn055vV9+CuKmuWDjCGixA6JF8OfIE4/YK1WFMFyw=,1
JnZBAixXY9daxZnxuA88+vutdvp35KZdlAUao/suny8=,0
8+YzL1dqLB175BlrHblc7/feZWBjlsNtC9PLDynN0hI=,0
52UNt3LO2HU8MEg2PuLbe5ipTrRCAMHhaV0TfrDeX8g=,0
80BQsALpYhAMSMMlQe5XN5y+/EP50lh7EGga6RnddnA=,0
8xZxbviWbZ4m1xh+SolGaqnZoTPO1kSqykmkioLCVu0=,0
Kk+oVdaTYEpqOPLs3RzBzcWUWZG2utM0eigDXgZwkdM=,0
/eYfK0FzGfHkr+UM5qpMbdDWZ+gSOvvOxDynuuIEprQ=,0
w/HjeMmOTxbsUy2sJm0eHDNVm9qVpP0G30wRYDpqD80=,0
T3UC8VHFuifb3zJQ82qFJTebfREwDFaN7BX8C4PF61Y=,0
g+Uw0ksSVPGY6zbtb2B7F3DWKyzAqSqEEt06FI6Z2y4=,0
5wvbHjIY9vAARXRg82rOSUqfZlHLqJN88I8W8bwsiSc=,0
3U799N7tFDhK/NXVh9XYqx1wgF1P3LYz+foKBZrPMXE=,0
ygJJ4P78xgtgrxP/DWSS7OjCVOPMwd7rAdyxfS/Fd04=,0
v7a1rNeMesJFp9BRaOh9lzKlC/M6x3wz8bT4eelETxw=,0
mLSRJFlAU4hpGoa1clRtuYXFH7hFmTq6lryX4RNwafI=,0
O6n5uywTe/hb9a5Kx2sJ0QDkacxV40cpP58RdFFHQlo=,0
wxFH7JdkDVI2JtUSZzRQkx/zrOXXDVQyNZAfmn6hhOs=,0
qeQWZiEDTKBqmrGgojouem/Q7BDnJxWmE15sSzhCVbs=,0
9b1WKi/3OmqvGVa3qihriYB/API8wQHZBrMFQAFDkOY=,0
m16uHvhW1jgcxDiiNHB6KdqyvhNLZ12XlTzsmMoM4gc=,0
inQG7Wb/w6Bu3VK8b2CrA3u1wr5tc/A19vbeoqaPLvE=,0
Bm/le/HP0gBOr3PiCSA9IK1oQ9FAEl3N155DBjxs+sU=,0
J6oJwCc9wMSdJfLPJhtSxTMpmWvlS93ifcr7w1raue4=,0
hbYoVTl1JHM4KVgMTHCvsgTvRE4lKd8Th4EiTYpRHnk=,0
e7ZiCXT6M+0ZSv8e39bGaqkT8vs13SzNOQtsr8pAqmQ=,1
YN1kromLqKpLP/AZsxZExHbKigd0AwTMF1BucJZ2lZs=,0
//pcS23n/AcQc1uL3oOv+HgAGXl0ElywoqiX51ZBUyg=,0
WXs9PqinBznJnJKcqlLj0eJCjomr48ulfHK5jCVwbWE=,0
7UGvXiHjlxbDy4jPQ66ey/65dYAHVrWBuzMX6WA7fYQ=,0
3QxFhfZZIznwbYe4zicLHvMAHpldagshwnwqZoWk8+Y=,0
FcloIT7MCZ6nWCgYtLEDNeGuklIJwgaa5aI8420VXeE=,0
bEVqpAFLFwVMDyXoYc8d9UBkfiYpckjrii1sX6CQHVA=,0
y9wVJpoxVX35CMfjcUARuk4emK4suBM2Cq5LiAgVUGw=,0
2rrHs9/ZDYg7ixEwLidksRasRumXHtnLUfBeUXwSTCE=,0
EFmZ1YA+LW2mvPHlLwKL3SIPITlfOch/vvhUlVUWgF0=,0
6bJLcsRINGS5x6ErYVG4FsH1z5pUdHz9ghEC15w0hnM=,0
LIQG+0hpdlWqcBAkyJHHV/vregN9eYORMdmXvGBObrU=,0
5v7ecdQQAfDJnq/p/emcw6Z+nOLD8qp2aUF130yswWU=,0
pEarmU27NvGpc4INVH4KyCxhJ3xKcLet0TRVI3vLOg4=,0
jXWUyDJrUJwqGJnj+ipHYO2GjVpMHjRoKmwq3YiZv6c=,0
ewzTvHb4qX0FePUdZ98ZwmvmUFDLcJ7Ryl+BWang7TM=,0
Id1Z9z6ekUjftBrOXHjHovLZCBBIv7TqdJ9YensatLo=,0
3mzK3KRBL+zCz3XHG/ztWnHHH5LNoIgS8IE+tMSWFPE=,0
f8loqwvRIPdug5ADOtFcvBLA5FM4+KlLa7ZwFb/DaBM=,0
yPFHduQgz8XnVJLTpA1F5OJch+olf2X6R1ohCkHkELU=,0
xIoKcQ2IbpuT+oC3ZpIHqb/I3krTxLfkriSKCEjbLVE=,0
GKtzWoshGwWaJiX5bxAYN8gdER8LytrTUB7c2qExabM=,0
ObFoSTW4jX4ABaO3rI6YYOW4Qog5XcYEGkAX2VJtciQ=,0
9cPreHB+38P/ZKycszKf8+WBTLtoLygmyqooF4wkZE8=,0
B+AHFjeHWtCibPaP+pr25uNSMOv+0pGozuTbDwMEjoo=,0
QDJuEp4KvKKTByX8zG7bDP8pfjek1RUk3h8AqrnujlI=,0
jUzMHAkRLRGoypKZPWX2aVAHuszGL65HfkGqh/Z/RpI=,0
gwXcyOW3obAheGwDXHeB+2QKJXMAJ6QMR9UUbw5fYGE=,0
5KIfAuz7c0iGTKlZiwf6wFp6tzceNCyJBkQsjVzj7vI=,0
04l9OdrqxKHZX0QCjDfDdFPGyLKpbPPQqXh6vwKb8m4=,0
tKcXmZk7lB8y6shg6BpypBdoxIQP2pHyAStg4WYne0s=,0
ctHOP0VpGisqkAV2TJ41tOFPoc2IA1zb31ALAhW8iIc=,0
DpStOeujYKMb4pKT3mGJP7r8/9bh0bqHPngjQ4ChGpQ=,0
me2Ty2mfjgJKcSuD+SRLEAB2LtrXAKOMET4AkpLd4+0=,0
KcaXU4jWug6QBDkAuzFSAbN+6q+bIb49mNlifoGjuFM=,0
AjXpZf2HaiHwMfhot5p56s189UNzrZAiqQKELTuFF3A=,0
pSyTmxjkohrY0uThCsDK+yg7gQs9e2qhZZRhf49G83Q=,0
KwkWLDkQtp4ZpCKCJIwJA4KftP9A2DbeyckJlKnO5/U=,0
phT1d4H0lJPf0Itrh18cB8XPQUAm7qoLUUnFUyqFBK4=,0
QZhUVJot3KIIyO+ryCIEKeE33KYwi5JHahYZPZNU6DA=,0
Qe7tXAMr0eDuCMmkkC1+vzrlwXb/NXtBkLCXH/H8JW0=,0
cTwwkoTW7pXZs+il3R87ofL7e8oUE97yzYIJKg6Sr50=,0
Y9KbYbLpZ1VPuYUomzhbj7bYe8kHg9l28PI6+Nu6G90=,0
oDsiG2xI02wjZdG5DsslkenbaXHvRm5Snj4Wm1QFCDM=,0
37ucm6tXJcjByiKkA67wAJOCfmZoqE4yJfYsLHysf2I=,0
S/Oo0AT04pCtlUn7F8KVqTCJTBk3ADKXsg82ONnV7sc=,0
DRtDpGyCHhKttnl+UF6M0qYS5O3TnfBc/ccG3Tyq01Y=,0
LCmpR6LSMcvpXh8D6XYxnzcTSSZ5qlSyX7LWKTtmVhA=,0
M7fRSGXpbWxQN9BFDI9Gj5FBlo8/q5vZW4I5F490zxs=,0
XMkB4degHTNrw4hK50E2RLDNbNmfh+kU2cBNFPlENzQ=,0
H1AxJPRPO0pcsWk1jtNwOHTQWSYYMeVwWt0HOmGegEM=,0
zwZGuISxGwqCRwdGB3jN9uN/HtovSsebOmLZMRto2nw=,0
JeTN+nxfFZSDShoE3/nNpLyRi2LcLRe46C1Lt+TMRw0=,0
Fkgbmy7q+fr36PWhwcBKmph2xC53YWDuZxxUSwKYgAs=,0
I3MGAfttK2ruopJzn9zvyO9EwxOWqjnAO55+xqzAodw=,0
iP9KeY8AqZUiRnb32CfZan/C+fYW2fvxLkC9Weae9CU=,0
y/jCUWGn+fjkKUEj5zEbEcfd5JXRylGQaMXU8CDKlvc=,0
JyCtTl2wnb7qfqgo1JoicDzbSAjmCaRQAJlWlCxHlwU=,0
Fo6eftQQOpBfRsk947myaa4Kt5Iy/bwcEV8A7M5RpTk=,0
MwaHVd4QoMW8EShcl5xyAVDLhX/hDb6SYJn1/6f3HOs=,0
mQRsiEOaTR5woL5aHut/55Nhv1AWYRTjjV1R9uCUg5U=,0
4+D+N2RbcD47ihRxei0bE7COfT3kcNOZYrSMUb82So0=,0
Y9Dc7/r1Iap/LrHZdLMpw/34G7pyCIPtiUibII+Wwlc=,0
LdZshKDojarg5JhmgAgB/mOQHxln/stv+5/8PI7eRhc=,0
3EJ6qOmNfftkWhCw55Rmc6uBic+jkXoL1pDDybNEZ0E=,1
1pRcy/13ztlTVevpGc/IFcbqSKryTHks8u0oVRvvlis=,1
7Qmq6f4T+uiLoHqBwXpb5KZsPQZjwi8hmgWVSnz4YmA=,0
VLnOoUDTsfIntWeuJZLSSSyp2n+bD030regFZ9ornas=,0
x2fkHWRU3nz5ciXosz6pSQeUUflee8B7SarkRPzUM7M=,0
4xPU2dTQM1WYMWjnyjIuLFMaPFAi7RMeXxdJWEptZk4=,0
BsgdHNnKj6OvqGf6/vLCz3F0vpSaTaju5o2becZw15E=,0
eBiUoAsU7C2amoEraaY1gOrNdT1k/Me6DIbwbHbBpJU=,0
BVDv4PPeOCfTMpygwByy11Q23veq9sXV5GyueWIJRRs=,0
ZQT6QmRt8sCxoh5CKF7VcGEfOYNzdDz7HQUFoEWH2oU=,0
bO/aGbuDEAfdldkS27KRFg4W+pM0+y1o8QpJE1yI57Y=,0
NKbzjVigeqBU7PJ1B1bOmvzB8uRfPMLRr4Eclu7LhBE=,1
ZoQNAav3XxlFFZ4YXFDyydb5tFoHq68iSTi0UcCvMrI=,0
nSEX3K30tUIwHTo2zqy8TNOSygsVHKNs2LYfkPKMB48=,0
t1lRFMenlR8gYXlPWl3TZLz6HgI4dKpjWBFWKxcDIyI=,0
ewvTW1Y9gnILDHmm3UzpA4nH0dciFkcmI9S25cWAA8w=,0
6fm4pVdUlIeo+52WMdGSZg7K1l+8Hj0DRVfvmCCxokA=,0
V08AvrW+zS94V4jlP3u1j2K/DU48tJO076cEQAsF7yI=,0
cJd5A+rr5AYRFQIQznah9BHrkPBYO/4y4uQEeKQB6nE=,0
8cbHIkC7glc76WmthpYp/RCDZvxprDsy8jkz0sJ5Y7c=,0
V2rTo/8ZW03EGODxCkcNkbdsG1R+7zZXxnFnv6zCcp8=,0
uD2GbJnYkxNmP6A7mz+BtwrsbnA2poGyQidjM3NNpL0=,0
hxq30CFa6AUTTLkMmWqZVcS5tieWM+becyc9ksGf9jM=,0
9UmC9v7uiTa1ZOvhKI3x0oZouZR5tPM9ouexaivWQiY=,1
E+t4DzG41gDGcNOmEUQoR+0/V0W9yrXhGf6Sn25rEo0=,0
jo1PHAJUTrJIYZl+3IV8VB1Bv9TiEhjaUlbhDIx5YEY=,0
SmaBeuctzUbnFZfHYzOBLizXOrot6k2vdvkcaqYD4GM=,0
sWRU1RuD3N/99OYAdIevuwli+BlxNX1DIK/aIKQ0cK0=,0
J5Mq6oRvrOx6qSNvMQZlklCXH59nObScefcPaNTfN+M=,0
7epEYU3MhL/tvcEZA411jOiAp/tUZRABoAMPgB0yows=,0
mIf13Lkb3IFuKdMXlnZ+ZaWCKe4ijAVurDdWtgpu/NA=,0
DH/XtFg/nmqix5/7335OLK6cn8M+QG85l3qGjm/TYn8=,0
zCLhA32oJXgKT0gTXaiFoN5nP4u37I2aNQX4CdMgjwI=,0
fdVuFeCMXcERTnVkycV09SkYxzfYkbmbSuY7K0y9qZw=,0
g/c2lTxGcYDKgDqZxPVh2zMMQtpVrmSnUrPKphoDC2Y=,0
t2LHxaZ8D4oKAiv60j5EdpN7iCRNKcMc4mpkxeOfw74=,0
4WChHELMwcxQ4EOAw0WlfLW32FO7rW3CSpesYXQRsWM=,0
VwbOA3Z5F/Z3i/i0A+FJG5tEJEW//E8wRkRjEWqb4t8=,0
Eh4X0+rVXexU7is7+uwpaXn++E35U6975wXsfTqOlzM=,0
6wHNygLI+xaKbtRUfMGxukiL6EEGVP3+sB4cfAvDrWI=,0
YcjuRLFsIWz9DvxXlaEIl763xyTZY+WdA2v+I/i87Lc=,0
TKHYp822TKxS4ZUwJ2wNia5GpQ56M8IBPCXZPsoQk0M=,0
aIMd2JeEsMzG7CAknpdfb2BC6ZxYv5JA5onpxTyPO8Q=,0
p0RLdxam7tCgimGeL9b71HdY9PGVswqagcDPVhwQOsk=,0
NKQH4p2iRctZxoADqVjTCp66WQOuHGzE1sTtTHRsO+Q=,0
DVgdoUP/maut4RTCP4uXKdhl2ReILzxL/BVfC6hisb0=,0
lZhR8O0Suw89dY0gb6SHH7Nm0DYaI0BKvPaUOhDxT0c=,0
vjdDWhg2VeA66pqarKnx9G6EOZWekl+pOT8cbGiJUIo=,0
eK9p3lSDvXlQFLbkL80Bgzod6emGUbPXZ7m0uR9zr9c=,1
x/Er9gEFsOQxL/fsGANE19g5H1jExuf3s+BaJi0qfPE=,0
IWmIHBcbldvDp6lirv+jvB8htdJ4JO6V4hJaUp/ZNi8=,0
ey+FpvEP+4sU43JxzHgA3f4Ps8knUJSF7za+mVe4L/U=,1
dtFaySwUGI2oOmhw7dk1hvhd1MU0YtByU9eVOH2Wq8A=,0
aFGw+QiUnxtlZVtSxDriq6aSBVfvYOmnuKko8YWJfB4=,0
fPnQ6ty4oGWjtA8hEIDGQlbb6qquMZRbHYPTuojkaNY=,0
txd7X/vzxn6qWN4vj7FFkTrIKYIKOjRHIxfIe1VHYgE=,0
5Affctw0V02kj1/w6805o/nmebNAdCplgnfWtCpgHHA=,0
HjeqFXyUhOPxAvKxjDpleYhKh5ibpYcP+hFeUgV+LZQ=,0
61TLB9Rjgced9AesHUdFAGJte8+m+kqNG6SUFZX7Vko=,0
oOB52bdM3N09D1cRB4zzNT6R3sk0JOBR4tDYjq4ytLA=,0
soF1g6blnSXbhvwyyYH+6ckRt8ko4qnXaEHED+C0FwY=,0
0Q8trmkSQcmdiDXS8nvmiym6Z2Kk3wHPivP23BIgp7A=,0
499MZbcL9OgKpjVUuImVq48eG45i811m1VCoxSh44/k=,0
pl7IqauKGcsWa3CTODTMfKIedDgiv5FbuEq1f3pvHrs=,1
HtdYjZmD+ZdHk6OOAW5jBjFm/RHMYYM0NJFKEA2ampM=,0
o3N+u9sq/cb9sQECMMqpoMMWHK8qUr18TCmO23c6d5Y=,0
vWMVNV+hIvAK4aEYCKNVhLkVr75gXAPY4erf0uItbxw=,0
Z38yULQ6Ulx74vIkJ/kdUyQZzkTFj2noRCkEs+/kdLI=,0
f0+FDwYOvS+2d/AI+EOb+Um4+mbtmdcmI00pRB6X1fE=,0
X7j3Rw8Z0qHZB5KDvKgaXiT6oHAJPYhhABovLDRA9nM=,0
YIZANt3zE23FnqC0Janeodc85rylap0U4oala38rGQw=,0
eHo3iDzl365KV/PPnLQ56ItjCpwu36c2Y5BumJwpoQw=,0
JWj4oXSrofybeAq0dMllAziEnsHUbhivOrXz18n+WBE=,0
mtteCVtdqVzxghhH9o2LHsG7U+p2PnkIHuMWo08gQqk=,0
OxOZ6s5cVVE5xTPe2Ik1mz0/DDlbYVG6I2sZ2QDfbwk=,0
EP0xDfgd/SlcgNIfuB4jPPibDnZP0JBQBPamIdfo42s=,0
s0klpK4upaJlNPdhrmUCIEo8L+9Sq26Btr3nzVE5W6o=,1
N6yiWjjAKvPMWc1L5VQARPXFeTvl8w3HCAbq59/Z8qw=,0
24dQovmLbyNUh6juMCmyT/N8vorGINyjtFQukFLLuJE=,0
rmoeTZUI1ZWknltrah6VRiHoVQRKZq2fbIbYiaZTbWM=,0
F0EQCdWxsGWpg8trg8FfwDiXxmyvRzEeviIkmOMybXs=,0
+2GtgQNpMuIG0Vy1ycAbfla0zRni6NKtRLlyyuHHB8I=,0
xL9xIBPJY6vWpfjqD6lBQEjdBmMijfCAxuPDPT50hJA=,0
26/7uYmJ6atFBadmy7IpkXr2TdUequaGzkACpImwkSo=,0
LpFu06ljos7motDQdC0/2q7lDOtUCqxdKD1nbxgvePY=,0
EVX+lDQLAXFa6QaIlKVarVpOTKj0arpPUxDJEz3M2Os=,1
N92zql+NZ/M3rfXn/zIDvCNYkPBvGMHEAPBbU9FwpiQ=,0
rmuz05B7IUbdBL4quiySkzyOR8xMC0W2iPu1Q8+jLWI=,0
LgR0nILI4d2UMl0I51Fg3rbiy842GOWZDkCIp5lI0rU=,0
OKB/nVd3uRjDtPBdAF1vcWR0Gariw1+O9rRtFMBHEV8=,0
vbvWqkBd4Q29ftHz/UA+LLqoBADyebcZmdePcVHDzG8=,0
vuMGI/nYgMznEsGQHInBX8Oy1zzzkdJHw0UZmznpeqU=,0
m9IwRHhrruPemvnvrKET+CTVukSQ0EtWdxC2MINMXdc=,0
nZGmz13Vbs0jWwNQQLC7jbjtBTBywVJ+onrQJs+Bqsg=,0
/Cg1jeMeQL0iU2RjUMSRtDN5jYOtXBJA7hw0gfLncEA=,0
Q+48uWvXZV/fm9MJvN/CmwYGNIED9EUBt9sRgkwoIlM=,0
L6bdZzviiguT/T5Ti7Pu9txYxMCyfj/Bmruzev3CL3o=,0
8++WowtG3q18xAI719fVgSRpKYhMFhWdKnYiLze9tkI=,0
It4vQqA/9c017tymi8oMw757VqUbUkxBTEv+ZrBNYxM=,0
yh+3HU7yo4q/uY+nb0hGEcD7SvsTxpaWhuSBJAtQuxQ=,0
dNXaSGAhXnuFyU6pidYQ/55VlmyPxV4WJ8pV7PMKNLI=,1
9QvG3J9GimIu3Tj30+/mHary2c3/yCZwHxno2bq7XZo=,0
JlZzaXAjG2S+xqrIxOfAHM25eeHmiV+MSPu8rkEpt9g=,0
2K+RU66FBvYpLy5aj5ZDFFtxhqIC5VZ2PMFHFx9nRdg=,0
mC16mR5T6mhuUuawd8HIeD5zVIg1KfnYDB4p6YZ4sbs=,0
oks15/FLZ7OMHAopLB1uqMcIhaD0Mj+HaqG4vKa0fyA=,0
F3gkRlavAmiBsmEHVZBF6rmFPTWAouSmY+UD7IXbr/U=,0
IAYnjw708vJwZ+Itt7xFK0US81/5fptvqrhauglOeFs=,0
4hF/uDCvmz3f2xphsmdqfGH/bOKZyajBfbLE+NfIH+g=,0
3Za7nhGgpTfNXGjvZBQ/KbH0RCwfhAExiVFwqrDlxiU=,0
qTGhx5x8Zprnd7CCShSgBrInIvZ59FXOhxoWVwntteM=,0
I3JLN5E+AsxYKRUHA9/drNIJMoSVCkiUPjLO19bPBw4=,0
GdGd6p8HLxAnvstZISMLvLtCJUjBBDls5QTKVUo2QAc=,0
eBjjfxosttxPrhmWNOLRrHTCVAS4gFJ2dtZHf9RdasI=,1
Z0GxTKS3xDod3UBqA4trQOKpL+P9zLnOCMd7AEPaVZE=,0
dPQFGsa1dpKzDaqlFVT0Tje9An3zM17PTwZKUtmlC/g=,0
oNnKIdzHEOFLd1zfBzvup7nPFzSzGfxG1qhhq7w94Y0=,1
YBCs+doZWc3ikCuWhCbkxcnIqLLKrmirSHwgBtL4EV4=,0
q3Ba21NZc4xehwji/WcZvsJRerVBe0NXtXAT3uHfjbg=,0
l85qqpDco3q7LmL9CsOJDwdV++mipYAOKf5Oj2jARpU=,0
eoRPODlgWnzQqwQws5OWDSex7LcQjfBbRfLWxm0T/fw=,1
71mMx250AIaMtDnHWvglnKTnlmpVihRzzpBMiJViz3U=,0
cQb7dty9ZN6dkgLO2zSdIwAWJDJ9p/vOGEnnD/ah3NM=,1
8Qtmlv+0LlR95JsTV2mjGR1Ic4PkqEHb+DEValqx2gA=,0
LOYOuFgu9vXbumkue77HVQINd7ipy4vrKC5wYzMoa38=,0
uhOwDooJB3M8NisRsgRodM6B0kyVU2ya3bS1i2QAejo=,0
cx5KRFNrW+xDIeUK0jHP/foJcSGZmGPhhKlGR56S1zg=,1
pwKxJ2Ih0uQjWFElWrA9pvBA5tV0pOvraHmha4TBjRI=,0
6bSPe5ClxKYj6AObGLttuXd2XNCu4O2GkZhGh2Oc6S4=,0
yA33sKLphiQ79D3BpyNMStxet+Z2pEDVbX/Oe7Xkr4k=,1
AczM147beKcJe5+tCG5J65FLMJbEcY+LAbXS1vHtqrg=,0
dfsP32cijOKLIAWkBAKrZgKfZ1oJzNU3x11mzz/GgCQ=,0
7zQcrChb/4f5IUctl+T030j6bVsF5VrozC9nxi+SRNI=,0
9BFhCAHwF/H7EwBRKC73QaTg5wUVQf067XLhdilU4xU=,0
nPPkUdiPMhEzgCaoqNaz+VZtz8r+gLaToi8jx21o+/0=,0
OES/VwY1eqWbziueoh9U3KIVqLUczWbdXZsMXvQjR0k=,0
tBh2Wcgif8LKiPOlM344YTAm0UctRKv67HZ8Ql64O2Q=,0
O84PAYZ1F+g1+5peI2ztdiwPkfRFI11IwwgJVBeSsyE=,0
V5uDsa+p15gPB5yb0gt1VMEHRC63wlF0jiGMpE8y7bU=,0
XxcdTU/UzLsXoYs/+O2bzw3f+PdTmHvjHEJDcn7QA6U=,0
ik7/VzQ44he68ZONOEp1rJJEzFbtK7W23gGXhyC67n4=,0
swgro6GAXr5yQDvPYNuNFlaLho9PP/9hlVzk3CvmoRU=,0
OVNISB+aoVra53G5MX8rQztUq5LQK3bHu7GkGzv5Uvg=,0
6ducAknV5YLkN6AKqWQIeVk2ny9M7dh/qeAtG7U40Z4=,0
0cqz5ye1LorHXi8Ikq1MIBF7Ko4lau9k8uyEuD+MCgQ=,0
cTJzPbH3v8DzAhfa/gHdsmEw62LPyHcjJbmiVt4kkTM=,0
4wVDfgd+He4mK9Enc1ZMgIq8Al8m76cgC1IhWVW5tA0=,0
swYXoPScRuXjxoHDQI1kJr/wU9PVStt5oNWOpIFNmxQ=,0
uCnPMcAZgOYKD11PhkuDTJj3u+zwxgYXeeyFoZbaSHM=,0
kds0rA/zwZLCZngGzz/Q7Sn8JbI/GO7TTDux7Ah+e+0=,0
2UJR0cN1egd5LvTgPxdZRRp+3FG3FtbH1Hvc7J7Afeo=,0
OREVx95ZFWtgjpV5Roiy2VAOyKqG72fAMbOrzST0DDw=,0
QGtoMrHAZ2O8+FGBbCP0qumJjkmRdDYdZP9FYiR/p+Y=,1
Juc6h43r9fPTVmp4iy1BWI3DqXOQZ0lLNu11u5ZjXto=,0
x/U/geTjgROZy1H17SejEYH16736slII1CEw4Cc1oG0=,1
YbrQOxqJOwMkP30vrOzM9iTcKI/T8p1w6kJpQ/sqWjM=,0
1Nne4unQLKUK+kPcb4efXDfQNCQ6lKxYOrj/fC6p8qg=,0
ug+Jr/ZPWOmjv/qrcNyMS6uHW3yCAD+w9Eh/1omdtOg=,0
eJaBy6KW+lOQ5ToX08NzEJb9pX/QByCds2ZfZ3sbKZo=,0
ManHQjBDUQUFu0mHaHUgjkePQ1+4/pxbBxZdBbOYg+0=,0
ir0yDF+0xm42rcbJX9cxPQVjHSiMhryZFOQSsv0tdS8=,0
o1tlaDUJrbTKZJyJv97Dl7dMeD5oE3OjhLw+pfYutAE=,0
wGjGYkrpY3iMFBIIBnWdvJdjUfEnTNb0v0CfX0Xt1iU=,0
I7yX1RIcl+iAXNeb6R81kerSgAMNQeocDcwtOs4x64I=,0
YDHaXUAF3RJrfwy7H89ySS1EgenY/1D6tqef2IfDvCg=,0
J+mcaTX5Gtlov7YmgIWqzJaQDnJqn/EWDn5hSZL9eWk=,0
GZVy7R9Gn70/WyI23l0Yzq/TsdzAMOjXuMiYQh0pZPw=,0
7nxACB+VoaFfyxUAHkLxXc4DGczhRGQGfnkydg72Nn8=,0
0MOxB+T+iVZ9RpNAAdB5IlVqus/zU+G6fpAgBt0tmjc=,0
nythrGgqGaB07T1MKpAEi8Z8B87Zw6VlD1KokCDhFrE=,1
mkgCDfADV7riBoWlAhQ0Nwswi9Yz7jbNjtjpAzi4xl8=,0
f0JVPE59KmnXMgl9xQPRXa/tET+a4FK+nsnbPc3r51A=,0
gcvY0U10KlNcN4mFhIyE6IlbcfWiipxKwHsM7lk6ZUw=,0
JdATXjxGyK37h93EU2In1noi9zGQMKxkFK+YdooZ1kI=,0
EbeiIIhlnMeDbwNdSS20tGrj9SVvAeUDfcx29Nr3bhI=,0
keCW7ZjTTzNbD+jadvBbmERVGmDs9L5+/VBQiB13O3I=,0
1w0BP8/sziPFZqNOri9GgyQJ/1hmA262KrI18gJlcI8=,0
JUbVNUJPS9BC0Va5RJsTlu644gse8uPrL1jV0ql8kB4=,0
qj9eA+kuBghp5/uh/lyWIGlQNrW07qu7FQsjvlGFVVA=,0
58XxlSf9e+j5dir0LCb7VTolVfNMpHzFR3S5h2oLvrk=,0
RB4fBm/C5VDsJbihTbqsTG/N+OqqJV3QH1bRkWwUYPU=,0
7NeV6w8B4gpYV0IuJ9vBGCsdm5QPfcsV4Lcpf+o1LBc=,0
RdfZHsqRzZIs0wRxyrLFJzaICJfOam9cKVvljCNYa3s=,0
o8lFCPti8EpR/dXQDdwq4QsL1+bper+2arYkEtJCmyE=,0
5xRMXIrcX2IwuTalbMbtltyTTmsvBHl8PYnAn2HiNdg=,0
QXRPnPYRydI+/0qeXyO6O0qZnrTXRR1/xS4HtcgyXa8=,0
ckEfn+bGEkq9JgxfA5YfqwTaQZQx5TwGkBIx5wTi/Io=,0
dCcuCTAdwMEPGKo7/v3RZUzX00x/PWjnM7zS4H5g3g4=,0
M15uEUjjlkxM82RCAYQQik0MKnyVgIul4O0XE5KqeRw=,0
voi/bb3bNwN/Cjcf3dqV34JCwusPjCCxqMZ1GOMld8Y=,0
7gkWV66aV+l9l3ZeYBOR53/ufunKnIpMqFze75pHTP0=,0
yn5ffKUkXjqkyrT5iQAjiYIl4dcYhXfPfnef2uKUJAA=,0
MGzXB9sbEKc5up5EwPVmRkz1NqAbWcvoJ9tbmBg2j9w=,0
coN0IO82/xfKloTWQOT+Z+fKq9uf2W+WDPUYxdE5G5I=,0
aBAKBuHYSUcPd+JkEpohWug2vBQKu1cd8gP0Wbm9Dkk=,0
V4FtExOY6WH+5yZb7LfYabC886duBAXCWHyVkpcXYQU=,0
ZCYviK0SWELiaqk7+20vRNQ1kkPaJvoUI3DLCpDBXhQ=,0
iDupnEVqZ14LiIMj2DBZB5Y5db4kESreoPznfkOvdCE=,0
8v71ZVrCsCVmIQc/mpXsnEZJ+jaFKsr+txxM7JndDUY=,0
zp17OnftoLRGJpGXR8B36yw9dAQmZXKbeaj0xSMmwyg=,0
3bQLO9xr/oJsapJhp5EJPGVgb/6pKPUNV+CmVVo7Zhw=,0
jZBcRZLq2ABIoQOtPsBGmJCfDRnQJiJaRjHiEaOF+nw=,0
eh6vsEL8PURmfh3U6qPIoJTiny7bJhb46VvKZ+X9hk0=,0
ue6Qx3tv+O2XvlG9rxsX8G/kXS6SQEb6wpewK6R9GR8=,0
eYo+g1mbxciFP9gc4NKefK2+IytIcWhmxRl2/oRIuf8=,0
ufoQxULJHdlgZkNHLpC16mhqpsZkPBb7NFu4P5zoy6s=,0
K1ihRuBFP5NXJ1Z8c7Dzs+mQoBr7U+XuBXkkPLKzq1o=,0
u+Y/pii1GOGAtmaQatOc3i4JY1A6bXlIiSFqz8VNh1s=,0
xF9ze1fy4H1h0kuZ6uYdDFZ9YD1nSE5uWsb7US1mlio=,0
aAJ0PswvKy52/Xuw1QQHtuSjq2j6UOMR687t+kJs2KQ=,0
bVDdszzUguW/TIVTSwDDZSrWhaVKl9BzC/DM4JRi1W0=,1
BTUICV5dcmJnD8IojRrH2iA1se+lS6GEofCMrc/ynFk=,0
t0efnko6S8yVCSmCiEbgOFWNQ37HGTqZ0Zru5MyXLEw=,0
J8RE2agmKnR/0azuNF1x6YG0GpZ63fcfDnnk9j0LXwY=,0
0m+n2oEJ5PdtyQ4fHgwIutSl6C0FLcUC/scGPY+DHU0=,0
nKOBTZsWxtrVukTC/h1hDkJBU5KaZLBook97ZLm37iY=,0
8rdz2xLFUFEcoepLmq/8pp5eg8tkQTN4Bi1U0YxmxLI=,0
mTUsC3M6hWzjMO1s/NZR7PH6eafLcqmbgPqTZ3Vjllo=,0
OEz0j2CaVwpm6P+C16RWvTyq4Uk1srw+cxE36U3+hoA=,0
xmk5PdIzU+UbBvn9xl3joeEKQgoWhPZPLZhvCYL3D+w=,0
7pqtsKZ0QpPegRgOlEHSBmtHw/Cbe/oIpEGzhcIFQ1s=,0
2jwAV/ErWx9rz3X0hW0HC0SpYiQwotpiyzqcTq9Jhy0=,0
zSVccurshX2eVlhSjjWnOfsG9vVSaQ7s+S05NVdfJAA=,0
v55Yov8H345QkST/83nb0W/J8iSN0ZnuhkVJ0IdjQiw=,0
hqZt2Oiwp77FaAswqa62ldI8IumlKVYAc6RwxPL52Go=,0
yzshMKouFyDGKtKUw+lEgy5yk1kIxkoty817gD9UzC8=,0
Y7rLkjpjHyUNnSVLeIQ3BVehP9Do/EO6gvbFb9MycC8=,0
vrfKxF+qEyOYz8NmK7ur89bfo7L7yTVxTtLlkhNYGKY=,0
DbZgwU2YlZ3W4aHaNV12R/8YQKrg0cLryTIDN4J9CvA=,0
ILDXdoxfkU8x/qSAtdErVb6AqCtKvcTPzm5JsqBhxf0=,0
iaNrDQ3qFgx9PG2XSK46LeQAReT/MLE2TSU7vYsak7Q=,0
jk+qZc5YC9f19mQY0X2jEKtuhNvY2yN/W153ljMqVuA=,0
D+axT8DmjyrwWtjwA66jRE6fcPTRmr63XwssOFRh/Jc=,0
8VaiD+ypamW1bu6+IC0CNFrdSPDkGk8REo3H3B3pSRY=,0
AnuwhZzBQCe0BkdNBCDTRxIxjTPgwra8Ylb7gOKN/XQ=,0
1z8VXzDjsdo7wAObER0rKzhGK62ljm6p/5l53qk59mI=,0
GvRtYZVrnWyP/edEioPIAWYFNL1SOMUJYvFi9CYps8E=,0
YROMgKRHzzPuCHfv37yerXNpcVdpucidCk/8uDKetKw=,0
QxYBzSbaO2S+Tdok0QnHffwEWX1S0uhedxil0PpOq4A=,0
b/C4LhaMgi9lwbopgOb1jc6OwSLrDYlKyBVHtjr0qmM=,0
UDESKNjgKHfKe9G2JICqEXfH+4KYMVnd++Jj/gz96vo=,0
J0BVX6GIodN9L6Njefws89prowlN5ZI0UpdwwA/e7vo=,0
6rnBUloio7knRsn5gxLYXOZLNzGqaaqxmocYNLO33tU=,0
SPYRIUu8bEFMxAbPOiwTRw15RaZr7WVGkwVFO3UgCnk=,1
zt0p5q8nYiB/NNHT+uVJSKDR52Mml0FK3z2pC5wxFF0=,0
NKkB00Op/dvo8ECkPUEdkaTkNf4HToPXjM5eaMLdXBM=,0
FU49KtQfIwnHvxXbtuYst3T5lF71AIpjOyuejWkMocM=,0
IsNbbTL56pD4dz/BWrhIma1/vzPbp4QwWqw+0i7YBG0=,0
x1rfBXpx0rLG8VrFTw94zJi82GPRddd+DRuywpNZo0c=,0
Mt9KUEtXlMsq63FRhQGw6ekCDiFAAg3V+ksTkCpjTjs=,0
arKkLI23a4YlMFMpvlcjm0tMs8C3cXCyiThWl1leijw=,0
68xx5EqAnZ/S/vWqu509bjl6B/aQtEG40cRW3vf0J1M=,0
g+QXKTDwrGD0hWcIT9HtHDSSjywdxR+2sBp5PwI2C9c=,0
JQVZm3RHpA9gjGJHCm9EtvdKr35FBvpA1yq9g7rh4Ww=,0
Yu1I8fT4n32MrgRMWKGolwuegKVHlbsNUWmYCMW4IOA=,0
tFdMHpYkSt7Cl6Ut23OD+mtkMYrFdaPxnlskC/9tLIA=,0
7OrU+fo8TJWTnEMp0d7DlPk8v5C6L1ID1EPA8vbncIk=,0
zbcR/SMR/ccp3xBiF8D37eI54BsbCMFzW85wD6wsGBE=,0
HgCPXqpF2gUMsNnEerGK9/sz0IheIjqC/hHR5zuaMIQ=,1
17i4TaweJnE7BKHVXkLJ4fTBJsukiPGFOX40YRz+t5E=,0
5efzN/P6h5m0kv6WjaKIqYoDpMI2mIuThirIHBkHrOE=,0
cbNcaLlbAKndOVivilFU3h4Llt1voMIhqA2o16KOQ7Q=,0
ziAKCX6LeQbID6T6XtaWsUNqfE8ASptJ+BuhOmc0bEM=,0
HAfpmIaBVPHYIuQUk1BCeAUDqAzn/oi2YCqu1iygpSk=,1
PhooTNOJ5wKktvUuSJvyL50tVfZyYQBLo9KpOXV1lHU=,0
UgJgygDLU8q8tLL2a+4w/oFxrAu2k1WzAB5w1S2AE/A=,0
g1FS4AyTqfve67xuvi4Al0YKTR8oyOTRbVzI9RnpKJw=,0
EmK+up1LTSE4YDKhMpFa30+isFEvGuyX18Ui4AZovAg=,0
A8nrdOdat6XzwNYV4bE5dlJzqtNFe25OYqj0pOy2tPc=,0
G91QfT8rIHOyfJEMo5QH7Xxig1/wCbnN19JR9JNB/Cs=,0
1Ucw64u+lZtQQgHTnOaMRH0v7ZDmM3Rk5ulL6vtG6SY=,0
hK1nSR+lfzxvIR+ARMWEDJgvQmkscPURSHvkL8tJQ30=,1
udOw+8tlgkv8iEiCZHYkrOoIa6sjx8rk0zaIrg1f9Ds=,1
eMkInZVId4wxpfDzLZkvB4lhX2gFslyoOfI9/12QGgQ=,0
8sqKNHMdUZ+NEGvo7mH2ivl3XyqvMIn5JjbceXA/U8o=,0
HSGnYTf5SaxN73/AZvsWGxowZ+UXD4fBTXShFpKwbMo=,0
Yc9BhmzsjeX5E0qtIFccUc4iEIfgka+C/NIhDpIf/x4=,0
n75vrXMUtBi5Okf/BEKPhGtws1Msg9xZGUpWOl6ZIvI=,0
/5pzxtRw46VjwCM8S0gGr6bXBNTW9if+qLRu8991uVI=,0
RerdcHbxFp4FZCUl7sZKj9AKfNe264NA3DPBzpjo9XA=,0
nMzJccbKm/i1mS0mtvq8ZWb2BDHZUdeaZGedWaDuZZc=,0
TlGGDkGgF0bV+MBnNgQ1/eflX4Zkpm3oJmH+K/Vj4DU=,0
uelxYfeFVE4rsrkoknVXyNw6oDEf1FkaWyGtIOd23js=,0
TsOYy4NI3ztWYUZkHWHxzZuHuhRpOt+EDT5Gu51YOOA=,0
CSC4HnM3SIoRKps2EtxmOCxXWnlZBrH05nRlDx6wKpE=,0
o0x3wxJ4ILRpY6OUCNKH5jwv4ia3yQeXhE/V2zy8InI=,0
jan4SLrEi7yZ9MGNFmkAYy98KyVnuH7+bZVx0RIgb0c=,0
Px7Pea00irktIxJ3dUnhZXs5WCoyqtWeK5mAoCPZsik=,0
yo3fXl5+A1EVYkMsEG0Ve9DP9t3WVVqWNkWicwYVJg4=,0
vhObkJPRzgPP74QozoUOtfqPXmtnn4aIy83racbStn8=,0
kD6KbmSiw8m3tXDUTDHpA/El5lUFN5/NYk5GHXeCTgc=,0
fuGRYp2EQ0NoC1iFHT+4F4W8jyOigwD2iiV0aAAGbyc=,0
ckc/LOksxCR5onmaPPdjJpZtTjQmfY2hQe49iTMxheQ=,0
akOEwfWiaBAEZc2cK6J+ua48evGx6qwVcPoMgCuLDqA=,0
VsYH4zegqdQyrFqnsj68vfvUea2X+tn+7pZ6oFK5WkU=,0
hA3i7d2PZu/unSroXMHEtF5AUV6SWBGzf/eVME9vEZ0=,0
M3c0x8wcQhcX0R8Rs45YUDmaBmDtXq8cqaNvNcuvMg4=,0
xPxjP/Ub3ks0uFktZnZX3Y4b4owW6m7Ixl54FXZjoe8=,1
MYha2IXEEvEZ0WkmknNo4NCVzr7dEU3grUgNd3XpnHg=,0
SwJTbDu487ztLmGteCypdSDSuQluP5VXk2q9QSxg58k=,0
RBE26On1jHyYKteGv28m2Xv8XqaSYW2a4UWEf2qptio=,0
h1MHxVG7/DQu1M9QuRGlt3suUMW0TWaIr0SZglxEExI=,0
24ZHIl3+D0gXBTLKV3hAgnQFFYBe2oyYo9kYZ5kSnB4=,0
6RL6yaEcozaw8F2iMqTobdhPC3yk49nMhvkx0qciVEc=,0
bM4ZV+ZZVYN5q+C+9T2Pim4soB6ag1iidY8RgyjX1lI=,0
6hqueY6R3Gmz6Cn8Sl5boqOo7Hpjttzf6P98+BBeLWM=,0
+M/M0wEL/zOqKT+mkXJ6FoRzNCgERxFzRrSOqdprhdQ=,0
fs2kuPyawnYZzF4wHqdgRH4Hr9uNWqxVLjxVFVnMOSU=,0
HWg2hrqPJKyaUizOsy0wWJXFWIcKzlZEqO34dSawymc=,0
pURCVmB1ocTyeXfwsv5eDjeB/ZcybFV6C1erwfHk4eY=,0
gKMKQglGBErRy9fGu5DcdaSXkxwpx9BEo+P25Dts/0s=,0
eNWOwpZaa7ZsW19Kz2E0blDHQFr9hvKPdELWhR259Gg=,0
QLm4iudHUSO1KOIp8O9ni3KbKKBMOvKSBLqOOP2uWF8=,0
KbDMWXcg1k08FVi98JNjRHIDuuuCbH7waqnh2cq+7Kc=,0
1F3wmbF1AnK+dHtB2O/NwHpjTsSuQp3YNzo4/eWtBHk=,0
7z23Nuwi64UgIEklKTRbN7gsDQM3VN7VnCOLRXsh1UA=,0
59vqdt43XrOQor/8IGOMQpHeitwLZ2H7XvdGDsMPQgY=,0
L4H/hnJMYoKyy8Qe55QSWZEDl+An04uvWGsBWwIroOo=,0
WJTwNiammG0m/Vhzq2AxXffZByGVxCTb47ejBt0mVMU=,1
3BIS4a0Vb2jnygBcryKppAjVEo9S+yXdLp/HF09wi8o=,0
4x3LrkHs2Pi4c/VsCrJWY3pRelqmiM9MN7/5Qckp6H8=,0
rnbI23peSICg6mendWRgYMG/r72DznO1vZNsC9j5NCk=,0
UfsDNzCzDwaHap9OTRxdJh8QeWhzGQDZbdB/+k70Ep4=,0
/IxO8snpUWuilnCkTKI9fiYKa9nuVQCNepvgsLSJKuY=,0
Lu/x+jUdw4pDvxwy2IjSpzBHY400GmMPlYvIOVCw7hs=,1
8M/876+BZ6hav7MPS7ptJgzF3qeSaBkaZ082OOiAEGo=,1
W3CgONzt7jEtb/SfhP8UPdKG3K9mgT8u8PH9ea51QH0=,0
bow+H3OeubDKqCOtJdKMoSOVfN5JiPzBo3+QR3gwWzY=,0
wQhUfUh6HLCvHqdVBNAAQJOz2tsxZ92kW07oJV9wV3U=,0
lzW7svhHazfTt5O0ilCare1I4Pbf/yZ7ao6WK64WbII=,0
4MKIxfdCERv10VsScHDNsd4Rf/KdCwwIoh40oTwxtmk=,0
Wa4nJWJWLCQygIvjWXhiphbjwOkKi77zWqlEvt8RHqs=,0
L/pLIuLHDqJerFoIl8RYGfBz1HszYBWuNW6QGDpcMTI=,0
mlKfVQnBrPspHKI0AB1kANkkxp/pUn+uI2Rxa4E3tlQ=,0
fYiTvwTWvH4G3a5uIV5UX2gwS9wfLctjhP9PqGIBlSQ=,0
lXXCOwdxtJ2yozLAeZ9lY8Hja3SjRtCMrD0sIGsqUSk=,0
RDjur9If05BJOwHisZCx8nyR1APXUjIQ1cpWQFKu+TM=,0
jcJutlV3KuAO+zizvhiQOLtQQ2yAYDQ2R9Kw16w5N5I=,0
nbUZnm10+TXiYnOrMLDxCY2gkyqUhng89SFO0qnO6vQ=,0
Z1cbk4+CiBg8U6cQ3kyGUf1ZVkSLcihh9wGXIgA9bnM=,0
8mbJYzcj1Fj3xG8cUrjfB88WbDtRXmftt9j2f5Kg/G0=,0
859lcZmQgOLTes/gUCasPZmLv6pr6MOlzhkndOg+GZA=,0
h9lQCE/l7R6eBBUwGF/2LC20lYOn5yikCRC0wbaYegs=,0
pvNkNPjVv8YV0AFI8KUtvnygFwcrTOUCN7yJ3rNNggA=,0
hpL4leRU6O2VjxqBbiweF5kRkMugOWtBzJSQ0o8mD2I=,0
EX2FvA3CaAfCfc5a/jEuC7aZhKzFoDg8/CgVADaAGSk=,0
2/EvggzqFAsZcEIOpVb63ZczVtJxrwp0ap+8dcg9RW8=,0
HqDI+LklKfp8NJxvxBFqCsmpvXbI8ZyB7oH3gF8NERI=,0
UyacWkNbomkpDBEkTg56G9RLM5brzrHPHsWtnBXGht8=,0
W5R7bgw2DQRXh7lvZru4kTFinNTElrc7Jnt1zRYg93M=,0
XLgit3CGZ61GambOL0I58lCi3CCSoXyL+2xuUai6l88=,0
ZhKyPJz9eHCd+8AhAAPUtorl19BP1lzH2qUiRwUjbfE=,1
gZYUjvmmYdFGsFrv1QLOFyoaI5spWiwslg2/W+vdnYs=,0
hMcC0eYoKkg663dlMItjMWciS52ldvxWmpbpU3zpxTA=,0
mj0VVz/N0ZY1DJojUGsV8nvxdSJfsS1F366GOLoi+SI=,0
lMOgMeD05qWJ2A1j+YKwQIR5boRXFSyZo7OWLaZ449E=,0
66FHisiS1LyMdnBEPIzxJgr8a1qexYwX7Xf8aRudtE0=,0
c9STZc+dCZARlnw+lRwbDnzftYly5Abx+4KCL6P0AjU=,0
wnEnpCT7lQJWRfDZBpRoqoyjVENr5WizHL+D2FxczyU=,0
r/dPyFZfz7xR5hBGGeInW1vQ4Z/h27RO4mpgf7qfQa8=,0
dxPbx0u8UxLNnA2hcPHguR53wknGftl2SqoH9X4BtlY=,0
piQUQ54aIOKMzNx0PvNos5Tfiw9RwDFImnetk6B+X4I=,0
FVFkQjehtP1NR8MYUktTm3Rs3KMu9qGcRC4l9JvssJg=,0
Ejs4Y3bS6qBCCdfKN2PqDmGBdOwukY5L1XaiZx1rXTk=,0
jkBEOt0KopDYPii/57o9zvqELWYDMus+NqNOuSfBujA=,0
XipSVxzQIcE/Ldimc9bpLePYersffqjFRBRCwpWlY1E=,0
+8265YtYFZTXj9VvdjvLIPk+dSZh/58iGGu9pGk6CbY=,0
jDhZsAEqKItQcdLR+QnswS0FVPhk2TPP4uJV3lsD0/I=,0
8C7+eeKH1OYk0clZyhVm3MbUFXEfshHgVLkkuy40XYk=,0
sA9R4igjoUUCUWNdSq0XPF2UMY+GtgUdqmkOubNlRQ8=,0
Fd7RLBgUJgH9GjzQvo/KafYuglc2nfRCoKuJhBRAf80=,0
Km1WIm2NytQMIMmT+U6HtDezMmuAEmUhgdeD7ooa9Xg=,0
QZqnxq2qkfHDOb7WT9vrTrmoWwKnqfGdkBRjmaf+3TY=,0
PKXw87SEaLL1cW4QcfMb0UXcsy67NFv/oxY/SsM9z8A=,0
h1nnhCV9mdLLxiL3GgtkZwqLjpquK6lqf0toHr3anGk=,0
hyEaHPm+Rmc1AzigJQXpls1978GYLCv1HsvrHUKk7Ac=,0
b173naIFgap/rPO6NAHEVXZRgxNNgxjBMnEDUh6k3Qc=,0
VfVqlTUJIApXcXI56ki4cRamI+2w5vjca9dgXkt01do=,0
Jnkmw24mn8M2zrZufV0v5t4oKNpxFbv7iWSQH2f0IIM=,0
gs+UWYyUtlZj96FNCkRw/SxcDvfA3/dvVvVwG3a4H3Q=,0
Xu3j69tz0x5aOrxDoLZijs9ewyTXeqlFc16KkA2u0YI=,0
L8iPz0pyqVEljOcs22mDEz2lhFtFWnPiISA15PbielA=,0
BXaOKPMPep+TuNIFUN+LQNNNYjxXGqCjzjFT/T3J+Pw=,0
VYfR8/b6zDkem1p/v4x1ztnbcuTxn85ucEPbQL71lTU=,0
zSj6uHGtuNAEP5ZSlfjysU8b3q3NEqeBwT7OSJG4DOw=,0
yHHkP/by9/9xdlbGEOonIM2DRbC4MHqHqK13mrE8XrI=,0
Yi2pzPdaO1hpjgQIrIrt3lKSwy+xKX3peE7ZfLWvKVw=,0
xkgaDF3YaMYsfStO23t8LH6gJ8kbaJxRUEf3udgTjGg=,0
b0ewM5bl7SIpH/cWeE6mvvjEWX8IqndhT+tu1s2G5fI=,0
G8f3W8+onsf1vZTkHl8iYauEP2+mZMxt2Bf4tKot3sM=,0
tDmUbVUyCelQHiXf3RGVCEV4XGGQb48905GWdXg6rNg=,0
ZRFLkvyK429YCuDE5/Y7DKW7CqizEUBMRRQ20jkCmG0=,0
z/wJlwgundwjGc2q6gUDVYs4f0Paiw/yVFMBvTxLo6c=,0
OsJC95evJmzWQffoedoeXSvK+l9Z4PkrBpt8iXG+plk=,0
2A36TE50tmqM5tEIbyA5O2hrOTIk5uCgwLLXqhJvb3Y=,0
MXKh4c9+Q70ReBIxII7skdSIrYP4yypWp+hFQ2MySWk=,0
EFIRdXvyHhnFSNF5gJDyPT2kJmGjA1lQbuLnc1Vjuuw=,0
28pnfe5d05kLw06BYxLqMjFob/iyXvqXf10sNtsY0tg=,0
y/ef+p4PVS7tIcfN4/9EVOSwi5Q3kpS54FL7OfcX9FM=,0
aKFJZUmS1TnFOLpICkw8dOBrpX3BobLvengJxhiP7Dw=,0
ULk8PEXiLHP5ByhfsFOcsC0zk+CqA+GiDn81goqI8Qo=,0
YXmUlS5jz3vstCHZAJjs6YwrhpMKek/NsQ1w8tUbUys=,0
FQ0QmphvuP3WvDzXP4Tdbq43v3p3NNztKYYRbB54JyY=,0
73F1nR0qx+itUrsLZZrgRSNi98OOrn7ek+RAZMjDSUc=,0
xR/KQ0L+j31LVI0iOZqIPsn+ZP9QzhoyH7xvqOZJVKA=,0
WYiBhazSFgcNyWUmwNPE0MzG2/wye+XCiLGKOJp1Jcs=,0
QFf81PvsGkhACyM/qwM4FPIJfemTC1ZarOUg9zbTQuA=,0
Pa1Fa7qvmJxRTOWiQzk3WfKIfPELYHtis+ls1Dd7CSA=,0
Ji+Vguty8+RcUUrVygZ3B62oPZ3lt3Ttnwr7fT80SFo=,0
4HsgOMUfLkHdRgrom+1J+Veb/n/Z48XLcDnpZ0b2zS8=,0
2ZGTlv8U60d373juifRFR+DCXtYHWkPEHeGGX26Wgls=,0
y3bvo5vAEHs4iJ1a49fVePk/XUQvdW494wjN8bI+bRU=,0
tF9b400hIDXwTHLT2qqi0ZSNZTKhI68YV3DgZ5W3sj0=,0
n8NaGyHJkzL1ZUa9vZ0wpYVOXAKBeqk/GFfNU4t4ndI=,0
InGVxleA+uYMoYWEFpxRbcavxUN1ewgFGabIYLk9yBc=,0
KZXazvD2scSPYHifm+uTHqwgiDUi/xFrAkO1cO27Q0o=,0
dJwJdHmPu+cHp6ek3UevS+hRM99UgjabrHIQ5oya7NE=,0
JbwCbOg9u6LVVO30jKYv9IJ/pxv1mcPilGkh2camSN0=,0
1UO36GLp1E1JX3zbk73phfR+bEwYyMHHXvhTqiN5R8A=,0
mg+M3xjrpXIT/lFVNrgAsWbpipRHbz6BIcM6ez3QEig=,0
ap5X3/Becoduquj4lDmIVtr+JmeV2kHjejc8r+n7cYY=,0
KuuOMtAHftdSSJOUlHll/5RhC/caVeclg/yD/DJ7lwg=,0
xCP8d8w2IXwXtHez5KBejr9gqdGPwW+4oZwV35wTkEg=,0
sBAGTNZasRjgHEO4nFRelVx2HIpB8TT3K709hd923D4=,0
TAkNa3j8f/0QU2dwkGM+abhPV1CGNa7iEUMVct/Y8mk=,0
nZxMz5dHYrwV/7rT0DqfUqb3rBOOZJMzWBvNM3NBL8E=,0
2Mm0Ww9AyATClit0xS/vSeTLqgVajhKU7w46AIkxLWE=,0
mwYjMJDEh4tS89ZLBGxI/ckICUeLx0lFjyufWZvgkn8=,0
k0By+sakDF2YTTDsHYHG8k2SLU3Ol1iEXiDPuWb+H+k=,0
YtUgd0E0NHLdgb4en997mmVGSCnL0ZH8C4sV9mXqApA=,0
PAO6xZxRovx8AkrwsWLl7UlOTas+eSh0JoNCiwbCcvo=,0
X3YreuI6tnVx++TfPOQ4XwX3ItX+PEsdJ7+T3WRdjwk=,0
YqMvZpf2xjk+CuLgV+XpjdYWXZCI3shUGj3KYzvpT78=,0
xzyBGRjAwlVmdw8z+Rf8qGNpoEtk7WBqojYqJk4aMAw=,0
ntPoWvsHp0LxQGoqC00rZmYGQ1APaHDFLufwCgitnLk=,0
kF0U9y7hOstYMbpTPHdSKDXM3LQcR8NJfDc+C+trsJA=,0
GTKt7gTvGBknTxGmqVDi5scVS1zFO6x1zC70aeNMMAg=,0
iVmwQXugUpT++KTKVktW/4XqfUgLTO+okdtSczn+6is=,0
tj+RxCnDLu943t7Pb4UyCZ9oAVEwx4ZrnNHkn2gCsTU=,0
p58pqpxS1N3h+WnTo66XunpLML77jE0Mi+iE1V7E2Sg=,0
aloJsktw8nzDOVO0m9DTPWmOAFM0uIQ3JTVX0cT6TOo=,0
t3yzwOrTW9xoPwQ+ZfUhMmzfbzJLxKIWKV92C5ll7P0=,0
mR0kVyJmU+LkxEocNMZvGOKVJSODRT/gsdoNi2tV5tg=,0
Ik47ZoXUqGRQyxGD0gT4hedNt0cz1Bqfc7tl5bZRouQ=,0
NwND13CImkfC1Z35v4IxZLLcqmPNvxjX19m3+eOyy3E=,0
KApZ9FvjbUN1rCeoO/BdfAgrVjYSOMR69cWYfGpQ0/0=,0
SDB5dLTFlHwHCF/NuyQAp1s/sf/yibImKWcfVHBfcbk=,0
+CIYjSn/JaAnWXiKEcot3j4ocUKVeX52sP/MiUoPa4M=,0
+aEVzKodIaQVP1kqlHeChKMCHKmGietOSbELGye9s3s=,0
x7hinea13yJITCFHUtoIij1a6MCeQks3qwuhiqyHpJw=,0
P23RbF+jDFuH4ImVaXwntr+rdjvNVYjlHde04LvRSsc=,0
W2rueKHbSauD/D3V6KyZrSMBR0rBCqg8zZ+ruyqHNu8=,0
a6tPKVWjyl/Q9GfFzjYaOXwr4LLIYAsnioX08TTFEgI=,0
Xcf93+D+sHly3uymc1pec22y0SPqJwGs4/cAlY5gU5o=,0
h9oEjJyCXwYim7Fc5kbC+uuaJ9p3OUmwk3Q1J/44EUY=,0
vJLqJmjHvHOOPx20XCSk52z1QxmgHqUUnT128DxRj3g=,0
9qAm8jcWuWDHXX7ypWw/X2nNJ5C0bBYmpg2HBFSTVkQ=,0
XajHtXlyKUwOfZ/NTp3B6484GexwfUy7UG+1K+Xqejo=,0
nLolKtw489yYPcRM3ZpM09+dpbCTQZf9p5CL0Njg8YA=,0
pnQz6THny1u7lAoPPZ7hr8TF8SrwvXMVvHhiBTK5bE4=,0
esFwCNF6jzomCNe6FV640LFbGTDLCCRFTZnJDCU4i50=,0
KNhkqYQauMnMKSJxrrwKmf9xut79aOCAZd0jzQXGaZc=,0
5Dc1qIs4eOgn2lEtZNo3GIXSkhS2X0T4uAoRjF8SgGI=,0
R9OmtVbyjLUYnFyO18puF6JgYBObM4FWoyhbjeVOhIY=,0
ySycZ1Zs2CM3IgcrFm9L2yKJLfSQJ5upn7/OQ08Gw9s=,0
S8T/VfjCZtyaI/+6wDh+pDeJNPq0Le5TfUYKBHPnzdU=,0
aSbXmbQqxPK9KgAt6oeYde3WwmZLLjMok04V9EL+54s=,0
31YRmsA0OtoQYKbHKItylSRnJYUePgIyG4oQd30mGM4=,0
2C7vuX3nQ9DSXGqjUK1g4VvDdP73gUxTFjE7Vch48R0=,0
3NGz3Pe1K3uhWRUf6zhGPbwIk25UFitdZ7JcTuMZRNc=,0
QWg/A82Z7lRR7zz7Wk9KJgK4Ge6eAzjX10YgS2wMXAE=,0
caEt6n5aQRQCxFLCTyvmotHFY+sCcfU2JMTn553Z2t4=,0
l6SQCt8xh2Oxuht9jgZvDQWNNYxl/xusp+SztnkRLv0=,0
P5eoHkfwtTZqqPy5/JBItgRkZVGABJCk7XPSUFbZs6I=,0
uuVgCbnPRUgRnWktj2f9Dtr5ap5ltL5FAKAIuAa+5HA=,0
mKCLf/OMuwiXG93aq5B5Ufijjr/lx3rRaFYdQfDsMcY=,0
eu23mIRgSNdLv/ozw/ll/s7WF1LrWm4gKhif61NjnD0=,0
FwXvuAKIEbexAb5XLsGmknP1mWWESRcWF2bxCfW4qXM=,0
31NMANuYMDzQgspaXjH4qsisdefKsRKEhyv40Ay4r8Q=,0
1CRBfZuzylVvT5QDMKdlPrM7ja7+NIwJEz1rDTX2NII=,0
qyBj9MeggTZPIf8BUQZxewetCLQ/KSRtkGlXRJScjXs=,0
sJ9iOa0oI2yGHXnjxkwTqkG07A9Gy3eaLSWdlwzMkJI=,0
sM1f3h5KGPyogJN8KHc+9f161NCO/10ToR1nTwPcoog=,0
3JItYuMpOqtVTa0ixaI9FrEnghii4dst3LivxNlDKNw=,1
EV9Js/yxEL528BA+eufdV6Df1lhOsklsIzvRlqHJArE=,0
ipfKO8v7QOzYTw7xFFI7/Qkno/JWITlbEbgE5bFZvmg=,0
ep7RHsAE72MxfD9wwo5W9frxNdnlDc0LUCNgsk9iOTA=,0
QbBX+7sW39Cp++vRwuLmLvuScpQEdtstitdlK3KrTgo=,0
KFvWZCxxzJarEWGAXTgv+FwUlDGxq2e6P2W4S4ZOwhM=,0
HuuHqpBcx0b0gDwRJcPrAxh/wb2J+Pufz+tZ242QsBA=,1
2enpkdzfEDESyw9aFnD+DMFImZtLBrR5kl71uOpJrPI=,0
icvDgGukk/yFcmfTuQ6cEzrGEQZxd5B1EfN5Q3AWDXE=,0
MAvwOzydDF+c8cPKrw/6Oz45BC4FUjDdlOxvRl70PD4=,0
L66FlRKjobB69hnSv4H7LTC75G7RFuHYc4FwF3ANyOU=,0
JQcX1OIXQGa5BlyumndL/QF+jTY6ACIP9FmtbMe0cAY=,0
h7mVTDcQa6lByy4HzWJkrZTdTmb1eenimZc4heuYkKw=,0
OsbAMLh/+PRIjnvLEqLpw5Dxnq6EmslGQfBqsNX0TM4=,0
Wx90BViPQQBRdIWlk9REshTq79QoUs0FAJRvPM4m/q4=,0
jCtoTAAyJ/RnZRKAUmuUJav3+ikgZTRFkZQPZXVNg4c=,0
1aB1YnQN1dA6LcfGvaJ4zvpL/Nc1qM6IJAXvcz0y1Ks=,0
ojbJZuRl8VWPAHleaqXFX4StC1RTiYgnsY2oXZZFKdk=,0
37vd9zYq0B7TJ7MSJ3h451mqcTreetJb9J5b4Tu2y0E=,0
ipiJzAbLV5d2uD5Y5TsJiRdH30AvwMAIN7cH+/539hU=,0
HL0L1Lh4DFdMBg3znrcDmLJ5oMgixytAvl4k4mTCkAs=,0
M+zI+mv2af2JItMjRNgSpWttrSMZL/B3CIiBOGjDb4A=,0
2S5D0/uBYDaQ/ew7XeGbHNQQSqGS+gge7eaWs4hzm/0=,0
Gffse2SVO8snCnXDy32osnoc7gQP3wLmRasJzAaVaAU=,0
lNMU+j6UiYx+fmi02IDgN9cM4YuXEv5tfRlvn4TuILg=,0
nhfJ8Mb8PEDP4Gp37JTCGz62JWXbI69AzK0gFgE6vSM=,0
WZ5/aJfu4DEE7HMY78Bhyl+UCFcieyF08zWB00xW6qg=,0
SaWqv4/51NknN3eFDYVh0W0K+npv1eeyZPd/coEcfpw=,0
+HT5cujhZ/nuEam8Q8kswueXI8XA8Kq7bXyMznsu3F8=,0
e8Q0+IsgF1Cc9EXBDgDl+6ZIaj3HoffrTZES/DXXlz8=,0
yn+CLDTVGGNRNL13aw/wzTBJHyziUlCDgyLhlHeaEI4=,0
/gnmVKs/Wc5S25P+fvrMb9Bw9Eulsg0FWuJSvoP0KyM=,0
PTj27gK1XsJ7jVlz6g7moTB26TRCz9pltrTYfFgwj54=,0
OGSFQIW3SOGFlK//FANynXKWMi0QWpAas2NeP/eIHfE=,0
mmMrreAezi8pw0etS5JKtfSrHUF1EhPHEpDgb2IBD2s=,0
6ah9/lSArlTulXsXwBgvCB7UC9u3T2qb3wt5hlFJ3bU=,0
B9jbrgIMygbRUXKuw33/t9ImJLB9B6iFnuWj8Oyapy4=,0
zOYjVvVTwipzMkNrfngkjLLmFHRe9THhTADni4bf5A8=,0
wfxxzr8vEC866dMvW9QSh6CFe61fQ5PF8V40gWzOxDk=,0
eS7ZOEoJjTVfOKL5o2zgazMsR+fySUF/xA6zm8Y7Oe4=,0
IM/OMgAaC2G2f/Fg6L9OH2ftvvCH00QwQtovsEf91PE=,0
mkVtL6JRTW/PELJ5OInLYN/p/jymThEJtwVWiynlNKk=,0
g6hEUHXFYWvW2OPAvK+3Zha/g0xhXC7P45PNgYP4DTY=,0
5vEj4vdQfaJ3Gom0YPxga9C9YJ9QGTmgJAPioIFAtJQ=,0
CWdZSFrNjZCvsmNDuN2zVGWAi9zlfTCUAoLv6V6JQSI=,0
7Pv9tCUQVfcf/LTSWs7lRZX2li0guBR5PnJjuyXezHI=,0
pjuwNPlHWMFEmRI6gIAoxBmvvh1d/RCZNmHkUyGMEiQ=,0
CqVIhwsq2jHIsDFoW8w4GicUKqI9VmHw3wlANpXTxPA=,0
gwkRxXJwZPu73ZgvQZxSd9ND1w+AyHwHosWkXQUu/Jg=,0
FhP+pQs/rQvV418cm+P0OD5Pj+RQSa/pCFZYVFwspjI=,0
yUyJx/yRRdFqTBXwTmKIyfstu9t3/fbvAK0eLHZaz4Q=,0
MQC1oOFBSLB9Ob9JN/hqYu8uCBpVSIpYL+OP2FEvwMc=,0
aFqSZN+IAVr9MVFMb4qArb1RkOwcVzTWk1CqJVB6dLY=,0
/s1YGaVMmStNZna1yW421Z+x/nafJiPM6+H/0wPnzXY=,0
6O42QR14EZPQltpV/W6ohJ4AEmP50vsWevUTZOsojGE=,0
HmpxiS7hBxCFvECt0pDsJxVLBAcmbuH1g/sodLcHcwY=,0
WFoXGst4twhffIKrWl0gHd8og/ahRKTxEwSD1jCLt34=,0
osKpft5BdFc+8sAX8tCrxr1znn3hVL1+FLy0xLjClgw=,0
av5l+iQfvPOMboecyb+imHhqz82i+52zi4q3GETk7tY=,0
3RpbG0UAYZeppktMgHu15BggimQI4gyMmOy0R+GwOjE=,0
wc5Nbx4fobMsLRxR3u0sN7X6pIs+Q/x+UImRyWdLnlg=,0
uTIs8gg0eXKlhVHCcZLV8X+3ix/RHAJ5c4Y/30QNlKI=,0
vCaDQ+dHYbmYmTfTZYa2RX3voDFE9944moj1yZqVrkc=,0
5MNdrLw6aX5VstW2FqjnhwcrsDwTh8HTMc86ARUWS6o=,0
1lbDjmuvWzkztMksGzR6H3YDVinUYCNMQMI4loZ4kXc=,0
yaT7OITRDoAVz2OPaeHyYpeEZzHzByR11twmOTTGYOw=,0
0bYvo78qz/zQx7+66h9b3n4qgwNEHV4UjE4esqKNdMM=,0
dZqe11ff7W20G8TbEb1CIM2OMG0VIY53sRR8a2hnbxA=,0
ModeoInVPkKDOc7rwW7E5xztBmgSej+acwYfClQYtAA=,0
oa5rpDsdrw9UPBHPP44E2aU4GnPcuIA3VdNTYPymwlg=,0
kLMGGd8Xv23jQpgfTpXk4x3mPKV7i0eHA3ubBYqz5qE=,0
fRGjUDeK+SjKr+ZCl0GxJP3uxjGp6SJXzKR5Fl77GyE=,0
n3J6dfpD7I+JLWbL+Ue66ASjNJR1VxDOXgn5Emzmsqo=,0
11hzJPnhs6HAGUDezIoiCWB4o6ON7aS14mMzfsfu9YI=,0
UmpNdPVN3ZDrjULbuDcHPuGMf8doed9LEldMd1wVwOo=,0
3Nt8Bx5lpfMpWK6rJ0roVNsPPdH/WAN8ebrR2kl1kwc=,0
3DcljLKi1qn6bxN0QG3+rbanNZMr4z95bg3KSKcv+m0=,0
BT4LcZf3/zJJsLEwLF0y0tJXHGZ4JRcVpZN1rncvFXc=,1
zD6+H/f7sLkduGfcmW8coV2PBRUcM7RsHkQgRdM1ctY=,0
TPM9ch/hbb681gVj1zPoDqNAz3g4nWEUMPA8jMwcSs8=,0
aUI7HMLRRC5szd9IeV7udhckYCCyBVvSlCUrHwqvYuc=,0
OfQzB8NnklOl1nuXIj8B0SzKUhQSuxog4gRnPwEJFxE=,0
F/3nPkZUlsyagydaMeyAT4gW90yjVUDsiIbBXs/RWNU=,0
X24zT5SL3/XwjPQJWXJCUwRCSWy9gjefZCIu77iqtoc=,0
mzo2jC3ZOPMdU39CD4jjrqqVs8LWKDTBJVJmbpxNkt4=,0
4lWL2K0+3EDVgmcriWvXMhav9treMV7tMXlQyN1rSLg=,0
m38bLINU3KY0OBe415/R8ii7qLhpkX8gfTKDMKDwuz0=,0
55JBr6dbzLmwluONvwhdPA4Pg3g33ObemnuyU69dZvw=,0
pcZhu8g6KqVvS5i/nQtRCfC2wsuL9lvdpnNIkiSNiZs=,0
r/d1ZxJs1zJN/GuAV3cf+WucqnGO21gLZZKc8vWF/+E=,0
6IlA2JFk46+pPTLtyLS5C4xrQd7bb0iLCU0WbK2BswY=,0
/UgHAWYJ8McCZjRuCm6EEMht8YydQSRM2DzJiXeqjuk=,0
ub1i74AuwEYG//474TF3peA7HzqpsEs5CbdOx1eh/9Y=,0
VHOTjMp14rIAqrjCH1Twj4KcVcegV6SQqOg/xepdD/o=,0
mGGjv60F2pRXvYFv33NW/B6UBo26LA2tZ9u2IVE1Gcg=,0
p4mzv2ymLc9vyeJPzd0M/6OtJk7o1KKtcPk3fhf5nzY=,0
Xole5o3U1NoywcehuqTEjzLDnD5DkhP8Oy778GxgE6Q=,0
7c0sWtqMbbeC0Q3tzeQeyoLdjziPZ40/FyWFbf0EyrQ=,0
RRGicCBjF0Rlr1gxLC9IVjLbgjT8IUgppch50GVQTi4=,0
HfBC0SJV+/EAh6ox/4lbR9ZBlxBNudiRe8IR/xZVieQ=,0
lopVO78W5skWEIyV3Q+HCVSBGXsPrtVF+4i2zB0vcXg=,0
1rfq81oj+GDMekiWKgbcLht9QsQSTM2guPs1rJTM7ns=,0
ULzamWunGQkqMG40BJ173xVZC8fHPXtDs1ZCgr6S6Ac=,0
AFmZDPyKo4BBH/lfYfAKW+FdBwfc1SF17YQSjJb2LUs=,0
t11GRpRc+3juE30nwlJkreuYlPQQ0fHdNPxr9cF5ZD4=,0
p9HnZHadlqiukIX08zMC58hs9bwufjb6+INOYqkD6DI=,0
XB37jb9ce3kI4icchs0FI+KZYOeCJBWFWdWtyYKwL5w=,0
88KYlK21FmjKvyo3/585kuqKH75TR7uLHf60+9YwwfU=,0
49s7yJMwbh2FhCz1/nlTB+Si8JjyzIb3s3lyluWrcpg=,0
xwFwiJL1O5lb4ReyVUz6uJIq2IIZ59qDQNafhZJJI6E=,0
BTXNK1rUtJHiYHhohEkvKu9U1RsUB+tmPo/iIOSLr7M=,0
zKzD7A7E7s8+3wGapsLgNpMDfMUhVx0myfQhvJYb7tQ=,0
t7CH3hdH2TUDaw/jsyG6VJqS39/2Tz3AG6Vza8sJVUY=,0
hzp7b7vwH/0m/mIpSlmi3Om+omkcLRWWhLyTvKdr8kI=,1
zPbiU92QD5pgUI3SMejwGHl+Lmj2RjLjC+/sgjWKfaw=,1
pNMO+JVDqlDk2er1L9T4Oqqzkjl1G+okzzGKEzQ1Xws=,0
etnU/HznZUxSgdVsOFB05b+OeHyerPK91EMf70bKSiw=,0
H3oJeg3GGKUxO5dUn4ag8JCm5wVJvGQTV1viyHs/hlk=,0
75dBgzpgeEeHUcMOxfnR+bJXFdDegCqHCHLyhLYYh1Y=,0
r9xPoi8emfP/+t3L6QQPugnaSDX14lgKZkbfKM0nAfw=,0
o19Wmaf4NlHGOaH+1OuD7Mx8TH7Ty5Z7/PuPdtfMn64=,0
K9C6uW1Em4BeIShFGYmLJlav3JGishxn3eGPs1umWwE=,0
x+GXWXS55UF2uiuZzocB34VQ0ttn/TTPsVccbYt4fgU=,0
dW16ravyID9IS5MxUsBfxSi+SltolegOm+rD8ZU/0xY=,0
/9jaCUexc2DX449s6hnsRod2osd6g5EkHFJ5jWWqgJc=,1
AtR26mAugw3aXzu9wPToVQnE1+o8UQZdH6fmCM9gMb0=,0
O1pkwljM2OgO1OWwDS33UcUx/aLokZLFfclbGzGrCWc=,0
Gi/PcZe4YJvroo+ULOlKLSkayycuzdD2/NQJTKeDM0A=,0
532JMWTCwMcjuI644VfHxgIEgkGCUn6MkFfXA+CEQ74=,0
JQ0o0CU8lfwwZw5/yO8MyHQPcwiXlHzX3pL0b00jIu4=,0
a3cowpxgNVSIsQNWnzmfapLuOPZSCdXokZQTXzB9LRQ=,1
EiSOOz37+H9F4l+X/DCMb7FrW6Jm8sQxX71u+04hDSg=,0
tRhqkR3c8zylJ/GQc6Z9PVO7MlC4kc93mpkZqCXH2Qw=,0
5r3TLpcF4vJ5gLBHcOICMFQuYq29XsW9g3Oco1woCDY=,0
EQSw/W7yIlFQJSsPMVbeiocg5umY/cFz9c8CIPkav7c=,0
/w768m61ucnmY171vOiVqNk7H1M1pLdMYdGTx0c54F0=,0
3o2SIouU7Ql1old8BnEApGevC5epfw8fTsKfZ8RVDRQ=,0
amrpjonRx5wr9XFjUjl/YmM3fSCgdZHQJmKE3rmF49g=,0
UoU+IqvKQcyfgQtbuy6A/TMoWa1tIxwTPZsc9rmqxiI=,0
fwoqqNMeSN/eFZ+tt3NAFtgrToIDQexsNtUSRnk6Y0c=,0
wZSENHJfUnhl8nr7zLdY/urbyzNsjAZd3CSsWgCiCQ4=,1
bnig5/cxPgJF8f2QsvNsyPBlhd7x+3xKfukkUeju1Zg=,0
I9ZosxGH6BXDvpA6fWruJ4VsU35FWOaK389QbSyR2eI=,0
DEpA/HKj37Z50bnv3ddW9ZluPZ1OnDbfy0RFFBtt9C0=,0
xqAZj0MtccNnD+QX71NzLXNYcNxVOGhnoyA/xzwbT4w=,0
i9cRIjtvEt6tAcI6tN5CI4a+Y0jAbZtCg+6uwf2gNh8=,0
581dBAwUUuuJr0i249AKvog3lLCEz7zFrTSYW8cHEsY=,0
F1sfijldPn+f4TJydfXRfYV3reYGA+st5XGrYpO3f/c=,0
Od6aC5fbhlhdjl1fXTrn38KOFuSQo1WMzYyLoLaeBn8=,0
sE6ItHP6kuv+0004Jb7VguUW+ykeRtSlsELrx2WP9rg=,0
TYIT/WLw8/Ga+9tG7yez5gOuWEfIpkBy3w1/M8ATOuw=,0
amKVdrX42d0+6txfEm4WDm1ctAEiU56eu9akfVq4sVE=,0
vaWnIZp25jxGYbV7Z3hmEvuaP/HJ4nCrcIENJfoB5yg=,0
Jod9/JZ4q8CyP9ZqC3bvevDq3g39BoFX68JpmuWgo7U=,0
+xGE0JJPthAOhnVeOJc7IQ9kQ4f1Kqs3buHo5cY/Y2c=,0
0xs6XbEtHxcmezDUv2QX5wzAckjCZKVT8GjdX0pgKgg=,0
CMPa7Xf2y57InljWghDRMZu4eEwjIMutA56fG4EOtl8=,0
AwPLpDhfngIiBo2aE3r2/FMySc36XMEKpt4Z9bs7P6Y=,1
byVIP5IMXgNImxsKE6zM3/mrJeuU3OuxnU6gzG4+BzI=,0
gJnJXhDWofgA2Tom3ORZrHYddgYszregnpzlBo8ZRo4=,0
XjQTsM3H5wkKyldlnGAGGr/1+xOnxpDqY+Hhu64MJts=,0
bf7gDw2mh6tIu09WoDyiHkontxxv3hdCsB137fStP3M=,0
YucMoyvINoY9fa8kDJR0O14EnqgoMtgBVwIxks+pO4w=,0
2WbxZF2Xw0CeUe5wkXhSvr1OF1lmAi8dJlp6h4tAYHk=,0
OuG+EzcxpDacC30GZKSrGthxK5tuc+UfS/0U2++p1uE=,0
HcQ/q30ROMyRBrLNddOivKwqW2qAbW2GuRKGQyxyzFM=,0
PCLh7p1L7wINvGg10w1lVZYoOudzO6ywD3oLDvDQsak=,0
TNbFkLQiab0fBjKIL3yO/QoZOatqUNXce2YNGha0YQY=,0
1YWvoYn97IYTrVK+o3riXAQGt9Aqr/5todEAdrGVS/Y=,0
9nFOWaO/cH/S1kh8BoOQyEw5VARKi99QLyDHrcCAqmI=,0
H3MZq11Xz/lU5i+62HC8zc0H/y9xI3GJrJuGPNkgh8E=,0
8pLlEL1Trs0oWnwp4Nagc9w9RkTXoqFrSOjDZm690aA=,0
dGOvo1b4nr4Bv5S+nuwVY2/1V+3xVsHLACjW4AlpOpM=,0
noJutoamKG7wYwPHGAB4C5CIoFiBOnKK3Rur0VMWKhA=,0
9EpH8fqoULw2QC5UQn4HB7UKaqa1W+SiYvaB9TqUGBA=,0
4BBbfnZoZn6YHXYdScPyKo4qDdbBJ1LpTIfgTaW1NAk=,0
qQ5Q/sT7i1oQFpbGZyZQmIWJZjH7AtVbeobMD2oA/x8=,0
Cj5dIO4dTOhaJCm7KgHBRofyolaE/NXzPA2ob63IIaM=,0
Qp+QWpYnO0TLuepaIdtSiaGtiAwkeGzJwSvPNZ+t1zU=,0
QuPK1rq2sgftRHKa+2BzeGDLS0SLPS1qvHFPoo89YeI=,0
q9G+nPj9HQkKIvEWclwdbEuJ+136dVa5XmdpuU69Lbk=,0
2ReA9Pe6P16QEdYcdYV7qOjPw/eO4mhBmOjQ3ZuThiM=,0
vAP+gMEh9iZudAqliSkcL7tm6ZEjBEl5ET72mwdBFsI=,0
edT6rvTpOSBFaWe9LJ9WPycaf4KTlKEZRBie9I/sgpY=,0
l1eXGqJAKxFvdDfqoNgO+BXA6/YViepe4oMqKD7CHOQ=,0
rO+H+m3q0CIdIfjru5QL0WIVGodv5Vh+5UmzkQadhPA=,0
aY82OJxOFMY+yAIbG/fxGdI3gWs+iY2Up74umOkBzFM=,0
3chJtW73UdWvbdwXMPJuOk3qQhLu72HMv6CSNaga9oU=,0
nOa/sBDARGEjpYr48sXazNxz9ZhdRPCrQu0bdcBKNJs=,0
CAAX4MbT6fblL4h7K1bMbqI4lBsgWG7mNaZJOBRJ5Bk=,0
mdJmk2ystXa62aew6vswOsXMZ6Ne6ksrKOjy6xfhxHc=,0
zYa//m8yBGhU6BBS1+CWib5bPS4+1ylGTRiKB+ghrFo=,0
YUx3FYBZDCIDaigOjkoA3sl5RrBXYznaT8Dkz3w09Ms=,0
yxyiwUvyn+xR+mEWe+pueAwwAw2tolrWNQRb3M4CdaE=,1
fSU22YVv64TxeXdfd+paWjAEetdPuRN2i6nABnCdYvU=,0
tF8hQ8ciIyHUScawzB0RNmpGbItEIZla7bX1uiyYavI=,0
+EPnK2LVOaGdjov9eTJaY8Djfc2rDp2Fgy+gltUsWF4=,0
uQeO7zirxyXbftjVzlAAN3YpvW+n6V8DviCEt/hLP9k=,0
6jd/lMz1ZbbMkUFEfR+FHx4sKiIGgbHB57oJ+nEiyvw=,1
8Of3/vlHpZBvY+cmLSaWol6UDPwGQL6YBWHQ+k95PsY=,0
PqVnohpIeera1JohY+DZ6KvjVxD97kNB7bKBbVsAWMk=,0
AjgeUxaxWI4eOppFarp0OZzP3cUWmtDgW6Qvm0obp80=,0
YyOFc5iUESNfNINx9H2L7SBrbX2REDKihgEaS8NtG/Q=,0
t+RgwbvB7GsYN/brMYBt8R/u9uIM+/0ECDPFdGfZzy8=,0
4ihf8uXLQDyhCA7D3xiQRCq8GqT55YlkmuciG/8e3mQ=,0
9/izMbTdN0wmwRuaqGBYf/ezpOQ9i6XWEcw9WlJyJh4=,0
KEfB7P1DpU5vqaTO2NqP3Z1+u7th2fTVnJ6wK1g1PB8=,0
xnaTfQ1lped/y0tR/p00FVI2NXUKZfd+6u7mle+m4eI=,0
49mkWVAl0Q4EMHG+hF0b+83ggUKopgPRWW5KQdqqa1A=,0
vgplkTa1fr2KXF8OgzQWrvajdwVMcluGZyp/J6jJPOM=,0
j6GADZsXr0N4pDv3HnaJNsMQ5iWrkQvtzajsI3MewTU=,0
cQMvBuC2xTRxeSiHg9J7ZWzJ0nrBXLtI70PCikWIZZk=,0
0FzauydrwcJJiovW3hyfZbEGgXL2AKCVqiWSJKW+m3k=,0
imRIvadHdvG1VdKWJ6efx8sZGhuZG1fLd5Hwg32xwJY=,0
JJUKplbYQhHcAk1/Qi4NiK2dsZRB+oxWLk8YQ3z4jDU=,0
3Vu/WS4Bbs08vMYMZGI+yGx+RBaSgC0LUiYrN4NOF8Y=,0
JRDFrvXeHnFW5R90apLDwyVY33yHRV3n3D5mEYMBIUE=,0
bZerBESIYL7lygopt8icvqd25ZQIoI3Or0kegzHpk2o=,0
auJnQUYTyIY2OI6fAu9wt9mU04WxW7fS/53BuSNTfjI=,1
i6mV1xk2N94iH4yyR9A995aKcZvUs2c16HYjalTXmMk=,0
e4qA9TOjpKgDF9Qqgn/FhVaf+pXO1GIIXWA9SgEDi5Q=,1
6um0Avc5WgCzmohHXltBEErNd2Xlhg6YVRkjXVZ+dI0=,0
nj9DGAi/IHmlauszDSfO9QF/lVmsuf7251ioVHoqZiM=,0
p+I1vk55u4KN6X5MRcu4xlnNF7NcsViSa7PnLHWsAbQ=,0
alJSYx8AxYflGohoec7dY4n7wGjIzPdD27pPA5B9Ils=,0
f+sJGeSU1ADT4ZE323lYFntkrapXH7+9iCXX1+A3pew=,0
08NI4Fmyy6veCRNhNtWiG1z8GbIZ38UWVTaJ2TujegQ=,0
iTtnSmTF5zmt1rZp/8+didFRpLpSk74+tzvp0+SYdu8=,0
bgob3j+hFfYhjFESreUwiu9kvMsjVoZPOLCiKKNRSts=,0
OGkI3p9O49ey1NsZm+hJXoG3Km6MSpSETrHQlzKrPTQ=,0
nOI3+13KPK8ZOyzRRcIqD21GpaLAcgPP3U85qInrNYs=,0
983Vai6O2U9zhKkdY4Sq2uufmy61U/5lMDngd1lHLPI=,0
KpuIh7sULcOq3cYkPRjhUMEey9A5dgW1+fmvdkRwegI=,0
qqrCnjorsEgScxyJv0ONqSW5/F2HqjCu105g8YX8O+A=,0
FmXt5Wc1JTIBVWRtEZ9Hxn4GBpPZaj1G+/7hzHciAvg=,1
b1tu+BbZdYurtZ7XHBPQaByfR7NLSbA2DNPKgq69YgI=,0
YKySR2IIQXaE4b2YowQUDt0hMfszrTIqAYmaZa99/1w=,0
TEJ+ZZsuyFgJl2ruTP3lEappWqubF1gS3NkJvSMs8AQ=,0
1dNwa/we6tJMOygy7SbQNqY/E75iqCJNiPSZv7G9AhU=,0
6G15MVugSPFDCZy6I/F6JTK/jlbf32uDXCchl2QJd9I=,0
C0VjXH7v2dm8M5keqbVo/P207XSh35dptd1O/0p3+90=,0
wUGWsFU7cymeneo1C6loZ90Qj+K0KdQXyXwaGn57Qco=,0
Xj+AlHG91J8fIQY4OR6R5Y6ljJv+IyQQQt5a/32oujs=,0
fJT/jpgHBzSKmg7LaLx8OL1haGgpLDdIPB4qzouR64Q=,0
o3kGi4jnOhUaSBtGGdvbrm1xa6qwuJotlGN+BO91KeE=,0
SKaWX+v5je6XdokNT8vXIvy6bSoCt1dvNkIA3MwJi/8=,1
TSkOxLpgaUWHw1oBffHXZ/iwpzk8mmBCbB2q84GC9ds=,0
iTJNWl66YW+cjyVg5lmjAOXk7OdDDjfGT4QnFJhnQhU=,1
M1qW6jK+wj75gefB5APNQ880mmsevkp2bgZTUmLIL4s=,0
40h6yQHREJHugcir51EM+yS2wZ3mWR/LtUzOos1a1w4=,0
qj0rImbT7fdPwLTrzFKf2RlWukEGCB/QnPu34opm11Y=,0
oY69zIVDwy9OMZ6fY5I67efHA9PkjeV/ST9785vt17c=,0
zoRPYwdU8jq7cpgDa4M4qQM+cexZ7+BauoE4ROUS6Xo=,0
WPnxXTyg/dWhGank/NBnefsnAJ7L0Y0XVRaMJzorJ2s=,0
qw2LUfkK8xkHCN4oi+qTG/PigXqgqP46KNmc0e8/1H4=,0
HyBkdr8REKWH4vhzynCC+hnLnKEc2albvVPs0vAewL0=,0
JP750KoKO3d7wfjKEKzovx1QgFrKGvcRvzWZdPkfOjc=,0
Xem3C61sol8/b5pckQenhwz7zbwBHUQZFoDH78JrP7Y=,0
wQe414v3QThraeSaFDkV88/jZMLRv2Rx/EVfhSYirtk=,0
4FwAT3jtZrQtiZDHpz2RpVxB1m1EZgN47ZiGrUIjsZw=,0
7uOGCUS4qQyribn9dNK0pBsXlULfAcMnKdgoCk58l8o=,0
AV33t58Hhms8lj5VuwiDJ40zjBRGM4K2A9pHAVZCUiA=,0
kp+bj2fZLAw3SGyWihk6krCoieUqalOGS8d3y7DKY3g=,0
9VigSTSYeAalU/NHB9/xPi+0dQlBkKr0BUtdqisstsI=,1
i+dd5oIVic4PHPNbkj7lugm2PEzdtSRQq+yxhYnrGWM=,0
/MwYViHvlZwSY9hk1V+MVPvQwPgOmB3nLLu8rZB4s60=,0
ZTPk37kL7yjUYnCQUDneXOTbTwSuxtkVNCGnF72H+yA=,0
6PbjW6C73xGJ6/vxhPjMDfU866QwDb3F5ufOsFZIePw=,0
RJnWZBbDeotp8ngdcpOqjAq8KaYrexsiPuSOHIJe54s=,0
TacWwZkkuzNQD4MqalhMCF+C1aA79E6mqzxHyv1cYow=,0
4dqDVNDgdfnA7mbhVDU/6j7Qygvl12ZIVtuxnnmLSEs=,0
DsYI2XE6xU1xVbEf3w83mpOwS3m2xrqBXhhNEzjF14g=,0
z/YCOjLixyMTBBdM3ObTw3q+weuRHnI0VhLJ//DMnyk=,0
lMT93NFbkpqWbO6imk+XmU0npOLvf3YfraVLgsJEFJE=,0
GKsa4N8i4jBkQsHjnjp8pNhG4Yl73adoHHx8BIJX4So=,0
4tqFK1gTgpMIytjMHJUsD1Y/+EsE0XBAlSPTAoFePqs=,0
Ac4QGRmDFtgPfT2CAwWJE/6usCEcmpEgHLcOz5KU4m0=,0
0H2KggJEmMVrTbryTgtY4SMuoqTilcdQbCEfecaxZoY=,0
OJFpvVEimNGO8h+sJeKmLyBVtR5DxLIi0phbE5Fxza8=,0
MH1okTddTKPjMJc34bUUFzLCSbqUw3JLWwCa8vVu1kE=,0
UzKbpi/yTs9AFwTU5YCrHluIcOXQYWZbSVsF5yM/0SE=,0
x89QNoJMu5pxqTUFSbLFJszgyPgvbMFVZMH3KeRToDU=,0
XrYKdkvEnI1IYy4j44Js/j04aiGWvDxxkB6f7qQnWjY=,0
Es5XFuw7Rg5emT4m8/za7L2780OOkzkputWD9MseJCI=,0
8bBoiB5XERBfgf2kQKSl4UkWg2h4M8OORQF5IS7NKM4=,0
TvHjfeYEqteMHfLcu/ozKvie+t/fCsNYLEjL9pmVRrs=,0
1tWgyvgYqxcKFaC30C8x+ZPiq52kpgLSnqUHkBpeI8c=,0
OUHX+dRXIkR48eI0kn24xuFPmXfQ6hRO6yC1bngBk0U=,0
TACdmp+mmV3nk5adWU6gMbzPunLqkwY+O1155M4yYNw=,0
6fzOodlR7x6/zpfTSNTf1lw6B+38N8srv8anLM2mE7Q=,0
6vOn6133IGYO3TYSuTlD4ysCb0psqsm/tBGYDPRAQ5o=,0
vFNAsQQCD4kmvP1BrSriyJKsZB1VF9WJzmOzhOQL4Dk=,0
kc+YUk4SoQ5lufld1134axujqSiRdetouJoqkW8ve0c=,0
hN/KvB6r6qA6v6IiFqAbU5Yy42lWi4oe7sfuP+u4ii4=,0
aWfne7e9rOPd8RBqy4lyMiz3CaLCrLULvtZlgsnQaOg=,0
NSPZJ8RZSxIpmMXC+Us1VzwyDNlpnXk8wxshiVD/ox0=,0
k6O0ovnst96PF68ngqac27h5fxJbGPLXNtoxKElQZVA=,0
7IkG75oyAdVTHlN20jJrvq79lWN8qgTmZMTp4o/adXs=,0
FrZVGQCBWqLKgBsLihV/2W7KMsLoU29ywzvl+2aoDD4=,0
+RAZ+RMJqnwybjhiN2HgGP6wbCOG0lz1qQP8VjORUhw=,0
5rNfJs9quoQxzaLonfiOGiEfTQwR0CHIPMPjzN0BUqM=,0
vC0D2KgcLXJhPDNqNaxAx8ajJ9UXpGC5INj1IY5bm0U=,0
oeGaEjhZ27Y8VweAtEShrHrB6/m76BaEeq5jPmb6C74=,0
tGXAag5VPgAxnimTtO3jbySmOdrNHE3MGoaiZDZVo+A=,0
sQu6vR0c7gsEHEjtB9NYpX6aaxriEBH6ZvoqO6tgN2M=,0
h1jxg0vU0sNOFBV8UZkylkxdi50tkFWxv4Ut6O0AxY0=,0
tz7EKFHiNkb9eGW11VGw09e+Y+qovc/LHfafwwUmhEU=,0
upTDGz5x6e9iknAv4oC8CIMnA2QmVdWxeMwLuPgfdiA=,0
pte+lVpHXuwfJ9tJePIAzuCxtPFf1TgnP1tBSs50DEw=,0
nmhzWGZMy3xjpHdHZ83mmqu3E2UrYhKMZcqhLw3gGSk=,0
r9awPk1tOQ83WJvHrxNPoR7nioCVQhoiNwNS//Cdz2U=,0
kb2qFjgALFRINxN0NPr9hNBq8gN5+O0j/cSAxrFm5Zc=,0
/ONuULK/IJQPuWSZD8eHwKro/WzSUXf6JnSUYJqIDi4=,0
rk2kAriqb36K8YMk+UlvL8hA0DoPYdBCbUtuH6uWN/c=,0
bmC14gKQaIDnMdVQj7CUSCpBjfago/9yOAQbpstV40U=,0
NLXe2xQUl9V4/1p9mD8BYJlDtpyEsQBQfdMmqiQtrKs=,0
LzItN1oJBurhlDo1qpnfnbPcdNSN2+I+RG+qrbGnFCM=,0
Apkketh6Mx62+soHG74JAUyQsbrOrH56EA1Q0/bAhKM=,0
SkamJPQro65N74pDWziPkuuofmoY5Hfska++c5pjOxQ=,0
ZC6+P9tP/hvR+ydPH7kZEdEE54sF26RuotPFetnmThY=,0
cPEI7R5ev3rom6q58zbkiDxWUfuRKmf5unj+xsTb1Gg=,0
oIFa1yYLEEzpgpTCuM3eytMe4J42MeMDiWrloGy9Hh0=,0
N1KD7Qk9tI4sqBtWUacP9Z9RWW4Q5DJO5GE39Bg9UXE=,0
qULfHhrDKAkSbvwnXouBcnqhhGHerWLoyAQVpPFhI40=,0
YXJkpfcWsHbGtQjABqEBlUp5/Uh9weAJIXsYMawNTmc=,0
kHIMto2JnuJUOeHqe7gK2OcknuRSMTv+XZlz24RyBkw=,0
z3ZHZuJIzTpkFj2+pjFE/j7Oie5oWuJgJAx+pxmLdDA=,0
y9Xx7RFkyhsxpd2uC00i+QKv4iEIy/+6tZ/esUf+tTk=,0
eHsDPAX88ZUWgjKh6mqcOrtJx0byQ13HtxglyCTY20I=,0
e/L1anYx1zRPrANsmqG/HVeh3WjWT5NehwpAvfKbpPU=,0
BsKkUsyMyyyyaIVPkc/F9SsGnIhwPx1QpdcLLWSZi9M=,0
Hf4wCuhXhELMjxb1lblazbrweI7N8yIAbwDfssCovKQ=,0
ya33A+7Ow9rIgJIBo7bwO8iR3uHT09jIu+Ot/qIMIE4=,0
F0aw2FnHXRWKj6VD6FkqOo4CuPCrx3P0BDLnjBnCfP0=,0
IhwGpVrrUsiXBsk9Dec4NGKRgok50Y4t+IhJ2QHP64s=,0
iHeIT13cV4st+rz2HGWFUNAn6HXYo2r+m6eFhEgWqTo=,0
/CDauOQxJyd3AvexbBiC0/lxCuHhur9bm0vQpjOjER4=,0
kOCynhMcO8XMroslWcpZRngvB3LJwlloAwawG0ryHTs=,0
LmgtDrfkVb7wF2F16w/cuSxJ+HIayKTDWWZ0OoYcQK8=,0
L6DPhUYQBmdEQA+jSlReAiiT/7WjepMHUOWrQMkrYIY=,0
jY5Bu80N1tF126V84iIsRgbWC9wJ+2rLRD5LjSCJtXs=,0
Vk5CUE2ost/rFe6XGH/0jLaHQ5Z5IEOwVrQwAT5TKzE=,0
3nPgUJ8pM7OooLEtdg1Z+bMbgQ20ufRhG3LalWYcLD0=,0
mBN8lfVh+l7nqUlyO8hCRjXCtNYSjQyvtnd8vZjgom8=,0
sfUb77yGa4Rba4J7XZFfd9oXU/d4rMIYOHHbVYnwV+A=,0
lAEz44SXtCdp3NcmAnEEN5EtL4hpU6qkDrc4MSyTRwQ=,0
ItXXch17IMK+cYhTTHGuepCoFsFFW+NBiZ2j+GAgEZY=,0
llHZwKGGw/Hnpmxi53AhGRMyRqyaRFJS6gqkB/Am+9Y=,0
81eK67t9BvhcPsBcP0PoudIriwdWQI0ukTphrVPpccs=,0
I5A0/QbyQGrfAagU0M2XIJCpcAEwVpe6UjpOGznWwk4=,0
7LjAudGwz59iQ8kdS4FvSMVzsfestJAqI3GmFiTLbic=,0
ObmDy9fLeS+gin5LJmwBrLAlYIQVSeK3ggRcZJrcJtE=,0
gJ0y2huw1SPSm+obKrP5G5VuzP40rOshr85bnyTyVr0=,0
gQfoQCI9rsY7KYFULsYisbJyUBuwnhX27iNNidm4OKs=,0
UE8MzaPLGcKrSGswWERdwJZYONG+HJ9hewc3HEkS6C8=,0
q1TTdjqJrsDA7+lzWXK7MAht4ANEtVzaKOD53L+oJcc=,0
HoCw2ivmp0YNsFF4DCT2yM16AqU6ogSXijKQQcTIlS4=,0
RXfO3D/RqKmYPjiKYHfKdv23h5E7gblIe1NF//H97tE=,0
zQ/OjQAN08xwM3pkJI+7eM6F7GXKVozjRU+MEPChMA0=,0
T4gj2IWTCqCf4Nqo92x0JjPnrCv7y3OdS8Z4ejgYLmU=,0
i4DhaRR1oT/zmHzTSLTaaM3N+jlEgQs39FFnp1+Fa4Y=,0
UVYwiLgg4dXIZ7fDUJkOhUBxzNmgMBwEIZT0UzDcfu8=,0
AeJlxhw1T34EYLkIkyty3+n3WUeMxcScsgpXVR3HFg4=,0
+vbSGbB+vk/me5qj7+SUFInHeN8IqMiIjF4WPlpKiHw=,0
B4W/lhdjqIpdGSuOlniebsbtmgn7XbDiHLIWdXP3QsA=,0
x9/fUmBM8ZJWTV4A4Hr9wRAH+pGf2J2zMOILQsZhc1E=,0
ET4OAtI/wAdWT6fiXDZv8ubk5HyZP5l14H+3RiXqfRI=,0
HaONC3sCfBsanRS0Rpr4SwxUkf/nULZQ12jhVqm9rBM=,0
zspaQbg1atd3EDGTo84E56iSDFVqzYFmKvD9SAZYUhI=,0
vuerEEonEX4vqEvwyb1ZDn4mt4ze2lOM9GY3VoIVISg=,0
DoWdNCNzwVQhz9TRYlQOX2eIFv4b2Hr0Zbg0xtzCymk=,0
